SYMBOL,SERIES,OPEN,HIGH,LOW,CLOSE,LAST,PREVCLOSE,TOTTRDQTY,TOTTRDVAL,TIMESTAMP,TOTALTRADES,ISIN,
20MICRONS,EQ,28.25,28.9,25.35,27.3,27.3,28.25,62817,1693270.95,22-SEP-2020,570,INE144J01027,
21STCENMGM,EQ,10.45,10.45,10.4,10.4,10.4,10.45,621,6458.95,22-SEP-2020,14,INE253B01015,
3IINFOTECH,EQ,3.1,3.2,3.1,3.1,3.1,3.25,1507555,4678869.65,22-SEP-2020,1487,INE748C01020,
3MINDIA,EQ,18400,18499,18100,18148.95,18116.7,18239.55,5023,91289813.95,22-SEP-2020,2927,INE470A01017,
3PLAND,EQ,6.05,6.05,6.05,6.05,6.05,6.35,250,1512.5,22-SEP-2020,3,INE105C01023,
5PAISA,BE,361.9,376.8,343.85,368,368.5,361.9,2830,1021586.35,22-SEP-2020,100,INE618L01018,
617GS2021,GS,103.99,103.99,103.99,103.99,103.99,104,1,103.99,22-SEP-2020,1,IN0020190099,
63MOONS,EQ,73,73.35,70.1,72.05,71.65,73.35,17743,1269669.95,22-SEP-2020,637,INE111B01023,
716GS2050,GS,111,111,111,111,111,110.4,101,11211,22-SEP-2020,2,IN0020200054,
757GS2033,GS,112,112,112,112,112,111,100,11200,22-SEP-2020,1,IN0020190065,
75GS2034,GS,110,110,110,110,110,110.23,100,11000,22-SEP-2020,1,IN0020040039,
824GS2027,GS,108.81,108.81,108.81,108.81,108.81,114.5,100,10881,22-SEP-2020,1,IN0020060078,
8KMILES,EQ,42.85,42.85,42.85,42.85,42.85,40.85,37254,1596333.9,22-SEP-2020,128,INE650K01021,
A2ZINFRA,EQ,4.35,4.35,4,4.15,4.2,4.2,290434,1197136.15,22-SEP-2020,246,INE619I01012,
AAKASH,SM,53.2,53.2,53.2,53.2,53.2,56,3000,159600,22-SEP-2020,1,INE087Z01016,
AARON,SM,28.6,30.5,28.6,30.5,30.5,29,12600,372330,22-SEP-2020,2,INE721Z01010,
AARTIDRUGS,EQ,2985.25,2985.25,2853.25,2901.05,2900,2843.1,334497,975912736.3,22-SEP-2020,32544,INE767A01016,
AARTIIND,EQ,1035,1060.05,1001,1038.25,1042,1048.05,347257,359988333.4,22-SEP-2020,22490,INE769A01020,
AARTISURF,BE,509.95,509.95,482,504.25,502,507.35,12050,5954337,22-SEP-2020,718,INE09EO01013,
AARVEEDEN,EQ,11.55,11.55,11.1,11.1,11.1,11.65,6717,74814.45,22-SEP-2020,20,INE273D01019,
AARVI,EQ,38,38.15,36.75,38.15,38.15,38.2,87,3304.35,22-SEP-2020,6,INE754X01016,
AAVAS,EQ,1336,1370,1290,1356.4,1369,1336,48279,64290359.85,22-SEP-2020,4676,INE216P01012,
ABAN,EQ,23.9,24.4,23.1,23.7,23.85,23.9,32820,771726.75,22-SEP-2020,357,INE421A01028,
ABB,EQ,892,900.25,866,892.95,894.25,898.75,69644,61933797.9,22-SEP-2020,4207,INE117A01022,
ABBOTINDIA,EQ,15900,16132,15539.95,15943.1,16098,15890.15,18111,284090602.8,22-SEP-2020,4842,INE358A01014,
ABCAPITAL,EQ,64.5,65.75,60.85,62.9,63.15,64.6,4675047,297084240.05,22-SEP-2020,20407,INE674K01013,
ABFRL,EQ,125,133.85,120.5,129.95,131.7,126.6,2225643,287212606.1,22-SEP-2020,28371,INE647O01011,
ABFRLPP,E1,72.95,80,70.6,75.15,75.1,73.45,112834,8342864.05,22-SEP-2020,1046,IN9647O01019,
ABMINTLTD,BE,22.85,22.85,22.85,22.85,22.85,24.05,116,2650.6,22-SEP-2020,5,INE251C01017,
ABSLBANETF,EQ,216,228.89,213,213.07,213,217.18,547,118512.77,22-SEP-2020,34,INF209KB1O58,
ABSLNN50ET,EQ,277,277,277,277,277,274.41,19,5263,22-SEP-2020,4,INF209KB1B87,
ABSLRIF6RG,MF,6,6.12,6,6.12,6.12,6.4,78000,471360,22-SEP-2020,65,INF209KB1LL4,
ACC,EQ,1380,1393.7,1345.7,1360.65,1349,1377.75,710190,972745422.25,22-SEP-2020,33686,INE012A01025,
ACCELYA,EQ,1025.8,1028,1021.35,1023.3,1027.45,1025.8,33283,34108863.75,22-SEP-2020,609,INE793A01012,
ACCURACY,SM,37,37.1,37,37.1,37.1,39.75,4800,177760,22-SEP-2020,3,INE648Z01015,
ACE,EQ,68,68.35,63.05,65.35,65.7,66.55,272876,17724644.2,22-SEP-2020,2568,INE731H01025,
ADANIENT,EQ,278.25,283,257.5,280.4,281.85,277.1,12536116,3418891179.6,22-SEP-2020,102459,INE423A01024,
ADANIGAS,EQ,187.7,190,176.95,188.45,190,186.3,2465479,453685167.9,22-SEP-2020,25642,INE399L01023,
ADANIGREEN,EQ,636,647,619.2,619.2,619.2,651.75,957151,596291110.3,22-SEP-2020,26072,INE364U01010,
ADANIPORTS,EQ,347.85,348.35,327.15,332.3,331.65,347.85,4670215,1558723599.85,22-SEP-2020,58839,INE742F01042,
ADANIPOWER,EQ,36.95,37.1,36.05,36.7,36.75,37,2487364,91106536.25,22-SEP-2020,6135,INE814H01011,
ADANITRANS,EQ,245.6,252.1,231.65,246.7,245.95,245.6,406313,99695100.15,22-SEP-2020,12570,INE931S01010,
ADFFOODS,EQ,417.6,426.75,396.35,407.4,410,417.2,177338,72062203.2,22-SEP-2020,6481,INE982B01019,
ADHUNIKIND,EQ,19.7,19.7,18.2,18.65,18.3,19.15,61214,1155766.8,22-SEP-2020,138,INE452L01012,
ADORWELD,EQ,256.95,256.95,242.35,246.25,247,256.9,23468,5792745.4,22-SEP-2020,1237,INE045A01017,
ADROITINFO,EQ,4.8,4.8,4.8,4.8,4.8,5.05,3814,18307.2,22-SEP-2020,7,INE737B01033,
ADSL,EQ,23.5,24,22.8,23.05,22.95,24,54134,1253113.15,22-SEP-2020,253,INE102I01027,
ADVANIHOTR,EQ,41.25,41.65,38.25,39.5,40,41.55,14986,592853.15,22-SEP-2020,364,INE199C01026,
ADVENZYMES,EQ,238,239,216.7,222.1,224.3,234.5,766376,173545635.95,22-SEP-2020,18588,INE837H01020,
AEGISCHEM,EQ,232.15,245,217.95,229.3,231,233.8,228411,53631270.85,22-SEP-2020,7868,INE208C01025,
AFFLE,EQ,2905.1,2922.95,2804.15,2871.55,2885,2951.7,84269,238605151.05,22-SEP-2020,12432,INE00WC01019,
AGARIND,EQ,96.4,98.15,92,93.6,93.1,98.15,25625,2410302.6,22-SEP-2020,339,INE204E01012,
AGCNET,EQ,365.9,365.9,326.1,348.8,348,347.6,9356,3228174.3,22-SEP-2020,401,INE676A01019,
AGRITECH,EQ,30.1,30.65,29.25,29.75,29.5,30.1,6047,179657.85,22-SEP-2020,65,INE449G01018,
AGROPHOS,EQ,10.1,10.1,9.6,9.85,9.9,10.05,11580,113439.15,22-SEP-2020,108,INE740V01019,
AHIMSA,SM,19.7,19.7,19.7,19.7,19.7,20.75,6000,118200,22-SEP-2020,1,INE136T01014,
AHLEAST,EQ,147.05,149.95,145.05,147.7,147,147.05,420,62607.25,22-SEP-2020,27,INE926K01017,
AHLUCONT,EQ,251.85,252.3,238,243.1,242.4,249.7,26654,6468552.2,22-SEP-2020,1568,INE758C01029,
AHLWEST,EQ,275,294,271.15,287.4,288.95,275,7765,2197743.2,22-SEP-2020,164,INE915K01010,
AIAENG,EQ,1779.4,1809.25,1760,1791.8,1797.75,1799.4,21195,37759127.4,22-SEP-2020,3461,INE212H01026,
AIONJSW,EQ,18.45,18.65,17.8,18.2,18.05,18.45,231227,4182258.1,22-SEP-2020,282,INE743C01021,
AIRAN,EQ,12.1,12.1,11.3,11.75,11.9,11.8,23433,271585.6,22-SEP-2020,135,INE645W01026,
AIROLAM,SM,24,24,24,24,24,24,3000,72000,22-SEP-2020,1,INE801L01010,
AJANTPHARM,EQ,1590.65,1625,1509,1560.3,1576.85,1590.65,251332,396232872.6,22-SEP-2020,24387,INE031B01049,
AJMERA,EQ,84,84.5,79.3,82.05,83.8,83.6,55117,4481658.55,22-SEP-2020,1592,INE298G01027,
AKASH,BE,238,245,230,240,233.5,240.55,4265,995024.95,22-SEP-2020,74,INE737W01013,
AKG,SM,46,46.1,46,46.1,46.1,46.95,8000,368400,22-SEP-2020,2,INE00Y801016,
AKSHARCHEM,EQ,231,232.6,214,221.35,223,230.6,26952,5931379.9,22-SEP-2020,1537,INE542B01011,
AKSHOPTFBR,EQ,5.8,5.9,5.65,5.7,5.7,5.9,152085,866331.2,22-SEP-2020,399,INE523B01011,
AKZOINDIA,EQ,2091.4,2120,2061.7,2087.8,2099.5,2108.65,9799,20546030.4,22-SEP-2020,2068,INE133A01011,
ALANKIT,EQ,16.4,16.6,15.45,15.55,15.7,16.7,269607,4235996.9,22-SEP-2020,873,INE914E01040,
ALBERTDAVD,EQ,430,430,401.1,417.8,414,430.5,16290,6793439.45,22-SEP-2020,1178,INE155C01010,
ALCHEM,EQ,5.05,5.25,4.8,4.85,4.95,5.05,68247,331177.95,22-SEP-2020,155,INE964B01033,
ALEMBICLTD,EQ,108,108.4,98.65,105.5,106.2,109.4,1230309,128310516.7,22-SEP-2020,11620,INE426A01027,
ALICON,EQ,335,337.05,312.95,333.85,335,339.85,1751,563375.8,22-SEP-2020,181,INE062D01024,
ALKALI,EQ,47.5,48.45,44,45.5,45.6,47.45,36080,1646481.5,22-SEP-2020,1055,INE773I01017,
ALKEM,EQ,2870,2875,2745.35,2802.5,2800,2863.4,213484,597781011.4,22-SEP-2020,26311,INE540L01014,
ALKYLAMINE,EQ,3182,3188.85,2855,3071.85,3110,3200.05,88340,266189414.5,22-SEP-2020,15326,INE150B01021,
ALLCARGO,EQ,117.3,119.8,113,117.25,117.9,117.05,543860,63872036,22-SEP-2020,7070,INE418H01029,
ALLSEC,EQ,242.2,251.95,228,242.8,245,246.7,4299,1019351.1,22-SEP-2020,237,INE835G01018,
ALMONDZ,EQ,11.55,11.75,11.45,11.6,11.65,12.05,13946,160932,22-SEP-2020,70,INE326B01027,
ALOKINDS,EQ,25.75,25.75,25.75,25.75,25.75,27.1,1915827,49332545.25,22-SEP-2020,6506,INE270A01029,
ALPA,EQ,28.45,28.5,27.05,27.2,27.35,28.45,51280,1398955.45,22-SEP-2020,389,INE385I01010,
ALPHAGEO,EQ,158.6,158.6,150.5,154.45,154.5,158.4,10538,1623060.9,22-SEP-2020,545,INE137C01018,
ALPSINDUS,EQ,1.25,1.3,1.25,1.25,1.3,1.3,7781,9794.75,22-SEP-2020,19,INE093B01015,
AMARAJABAT,EQ,716,725.7,696.6,710.45,710.2,725.4,823514,585869397.05,22-SEP-2020,19066,INE885A01032,
AMBER,EQ,1993,2019.95,1790,1972.5,1972,1992.45,360441,688022050.55,22-SEP-2020,36616,INE371P01015,
AMBIKCO,EQ,679,683.15,635.5,638.3,639,675.9,20289,13034211.65,22-SEP-2020,1179,INE540G01014,
AMBUJACEM,EQ,209.5,210.55,203,206.8,205.3,209.75,3532428,731119557.9,22-SEP-2020,34108,INE079A01024,
AMDIND,EQ,16,16,15.3,15.45,15.6,15.8,3982,61724.55,22-SEP-2020,61,INE005I01014,
AMJLAND,EQ,17.65,18.2,17.1,18.05,18,17.8,10464,187123.3,22-SEP-2020,72,INE606A01024,
AMJUMBO,SM,9,9,8.5,9,9,8.6,40000,356000,22-SEP-2020,5,INE749Y01014,
AMRUTANJAN,EQ,448,449.6,421,427.6,429,443.7,101945,43595605.45,22-SEP-2020,5688,INE098F01031,
ANANTRAJ,EQ,26.8,27.9,25.95,26.9,26.85,26.8,123801,3275714.35,22-SEP-2020,840,INE242C01024,
ANDHRACEMT,EQ,4.85,4.85,4.6,4.65,4.7,4.8,139929,652924.1,22-SEP-2020,411,INE666E01012,
ANDHRAPAP,EQ,198.2,200.7,184,196.15,195.05,199.2,29123,5629750.8,22-SEP-2020,1226,INE435A01028,
ANDHRSUGAR,EQ,296.1,301.15,283.2,292.95,293.8,300.05,39301,11511411.75,22-SEP-2020,1994,INE715B01013,
ANIKINDS,EQ,12.7,12.8,12.45,12.55,12.5,13.1,4238,53088.15,22-SEP-2020,41,INE087B01017,
ANKITMETAL,BE,0.9,0.95,0.9,0.95,0.95,0.9,58228,53842.95,22-SEP-2020,55,INE106I01010,
ANSALAPI,EQ,4,4.15,3.8,3.85,3.85,4,116572,446144.1,22-SEP-2020,180,INE436A01026,
ANSALHSG,EQ,4,4.1,3.85,3.95,3.95,4,9219,36303.9,22-SEP-2020,35,INE880B01015,
ANUP,EQ,555,570,530,557.75,560.25,570.55,15486,8531167.25,22-SEP-2020,1560,INE294Z01018,
APARINDS,EQ,300,302.45,285.65,287.95,288,300.05,72606,21008784.35,22-SEP-2020,3142,INE372A01015,
APCL,EQ,188.8,190.4,166.5,172.75,171.5,187.45,58721,10181040.7,22-SEP-2020,2134,INE071F01012,
APCOTEXIND,EQ,143.5,148.95,136.1,145.4,146,145.65,77430,10969119.8,22-SEP-2020,3657,INE116A01032,
APEX,EQ,255,256.05,241.2,248.35,249.4,256.55,139201,34554867.45,22-SEP-2020,3873,INE346W01013,
APLAPOLLO,EQ,2704.4,2705,2525.1,2550.85,2525.1,2684.3,75182,193988599.85,22-SEP-2020,11699,INE702C01019,
APLLTD,EQ,929,940,865.85,917.55,923,920.45,547686,497866053.85,22-SEP-2020,31933,INE901L01018,
APOLLO,EQ,117.5,118.2,110,114.55,114.85,116.7,99818,11331081.9,22-SEP-2020,2637,INE713T01010,
APOLLOHOSP,EQ,1842.95,1842.95,1763,1789.15,1790,1831.55,1384803,2473684586.7,22-SEP-2020,63293,INE437A01024,
APOLLOPIPE,EQ,404.4,404.5,372.2,386.9,386.05,396.2,33057,12711404.35,22-SEP-2020,2686,INE126J01016,
APOLLOTYRE,EQ,124.85,124.85,117.7,124,124,124.85,8420454,1024815565.35,22-SEP-2020,37705,INE438A01022,
APOLSINHOT,EQ,547.3,547.3,481.95,515.75,515.9,536.9,791,403910.45,22-SEP-2020,115,INE451F01024,
APTECHT,EQ,118.7,119.2,110,113.95,113.4,118,243314,27729797.75,22-SEP-2020,5098,INE266F01018,
ARCHIDPLY,EQ,26.1,26.15,24.15,25.15,24.85,26.1,35754,897545.75,22-SEP-2020,294,INE877I01016,
ARCHIES,EQ,11.85,11.9,11.65,11.7,11.65,11.95,14222,166657.2,22-SEP-2020,93,INE731A01020,
ARCOTECH,BE,2.2,2.35,2.2,2.2,2.25,2.3,18852,42984.65,22-SEP-2020,60,INE574I01035,
ARENTERP,EQ,11.05,11.5,10.7,11.45,11.5,11.5,3609,40571.4,22-SEP-2020,19,INE610C01014,
ARIES,EQ,77.1,79.4,73.9,75.05,75.3,77.75,44774,3370104.4,22-SEP-2020,491,INE298I01015,
ARIHANT,EQ,15.7,16.55,15.25,16.3,16.55,15.9,1495,24083.35,22-SEP-2020,22,INE413D01011,
ARIHANTSUP,EQ,20,20,18.9,18.9,18.9,19.85,6867,130662.85,22-SEP-2020,37,INE643K01018,
ARMANFIN,EQ,530,540,502.85,515.6,512,529.3,13801,7006604.35,22-SEP-2020,1275,INE109C01017,
AROGRANITE,EQ,26.5,26.85,25,25.95,25.7,26.85,12943,336966.1,22-SEP-2020,210,INE210C01013,
ARROWGREEN,EQ,48.05,51.6,46.9,51.45,51.6,49.15,14470,728581.2,22-SEP-2020,383,INE570D01018,
ARSHIYA,EQ,13.05,13.05,12.05,12.4,12.3,12.45,55352,687935.1,22-SEP-2020,170,INE968D01022,
ARSSINFRA,EQ,14.05,14.05,13,13.2,13.85,13.5,8423,112394.05,22-SEP-2020,71,INE267I01010,
ARTEMISMED,EQ,154.75,154.75,144.7,151.75,153.95,148.65,4953,744690.6,22-SEP-2020,77,INE025R01013,
ARVIND,EQ,31.1,31.1,29.1,30.1,30.4,31.05,2681003,80177001.7,22-SEP-2020,14614,INE034A01011,
ARVINDFASN,EQ,128.35,129.65,121,125.95,125.95,126.4,130736,16278678.95,22-SEP-2020,2620,INE955V01021,
ARVSMART,EQ,88.5,91,83.05,85.15,85.75,88.25,49824,4266862.8,22-SEP-2020,1621,INE034S01021,
ASAHIINDIA,EQ,213.5,214.75,203.2,211.2,212.4,215.7,34505,7219405.95,22-SEP-2020,1600,INE439A01020,
ASAHISONG,EQ,205.15,213,192.5,206.85,208.2,208.7,50759,10274443.65,22-SEP-2020,1279,INE228I01012,
ASAL,EQ,21.3,21.35,20.9,21.35,21.35,21.95,4052,85992.85,22-SEP-2020,33,INE900C01027,
ASALCBR,EQ,257.8,258.9,238.95,249,248,255.9,66025,16363845.85,22-SEP-2020,2753,INE073G01016,
ASHAPURMIN,EQ,90,91,84.85,85,84.85,89.3,283279,24309992.8,22-SEP-2020,2147,INE348A01023,
ASHIANA,EQ,71.5,73,68.9,71.45,73,72.5,65581,4603033.6,22-SEP-2020,1032,INE365D01021,
ASHIMASYN,EQ,8.7,8.85,8.55,8.55,8.55,9,28351,245592,22-SEP-2020,49,INE440A01010,
ASHOKA,EQ,68,68.5,62.05,65.45,65.9,67.95,1443794,93747503.7,22-SEP-2020,8824,INE442H01029,
ASHOKLEY,EQ,74.6,76.35,70.75,74.45,75.45,74.6,91705200,6758178516.3,22-SEP-2020,211652,INE208A01029,
ASIANHOTNR,EQ,56.05,56.4,54.5,54.7,54.5,56.8,3868,213560.25,22-SEP-2020,117,INE363A01022,
ASIANPAINT,EQ,1990.2,1995.7,1926.35,1937.5,1934.65,1972.55,1974860,3851625633.2,22-SEP-2020,80009,INE021A01026,
ASIANTILES,EQ,301.8,304.75,285.65,297.5,301.85,300.65,371021,108584796.6,22-SEP-2020,9732,INE022I01019,
ASPINWALL,EQ,133.4,140.25,125,129.55,131,134.25,1254,164800.8,22-SEP-2020,87,INE991I01015,
ASTEC,EQ,1184.9,1184.9,1022.55,1096.15,1102,1177.05,176882,194316071.1,22-SEP-2020,13055,INE563J01010,
ASTERDM,EQ,133.75,139.3,125.45,136.35,135.1,133.75,233426,31117621,22-SEP-2020,4581,INE914M01019,
ASTRAL,EQ,1100,1104.95,1065.55,1071.55,1075.8,1102.2,87854,95122212.85,22-SEP-2020,8091,INE006I01046,
ASTRAMICRO,EQ,121,121.85,113.5,119.95,120.1,121.2,623197,73843239.1,22-SEP-2020,6687,INE386C01029,
ASTRAZEN,EQ,4450,4450,4210.05,4366.6,4380,4407.65,82334,356969182.7,22-SEP-2020,15661,INE203A01020,
ASTRON,EQ,42,42.9,41.05,42.45,42.85,42.4,32996,1381656.4,22-SEP-2020,256,INE646X01014,
ATFL,EQ,681.6,682.05,662.5,676.6,681.6,681.6,10903,7349449.55,22-SEP-2020,1467,INE209A01019,
ATLANTA,EQ,7.05,7.05,6.7,6.7,6.7,7.05,16040,108714.55,22-SEP-2020,90,INE285H01022,
ATLASCYCLE,BE,44.6,47,42.65,46,46.55,44.85,6267,280515.25,22-SEP-2020,87,INE446A01025,
ATUL,EQ,6250,6439.85,6011.9,6195.85,6199.9,6249.05,53287,332809335.25,22-SEP-2020,12630,INE100A01010,
ATULAUTO,EQ,174.4,174.95,167,170.95,172,173.1,61392,10500860.85,22-SEP-2020,2223,INE951D01028,
AUBANK,EQ,695.75,695.75,665,667.8,667.15,695.75,587935,396141493.2,22-SEP-2020,12848,INE949L01017,
AURIONPRO,EQ,82,82,74.2,74.35,74.25,78.1,31525,2415530.95,22-SEP-2020,364,INE132H01018,
AUROPHARMA,EQ,798.25,812,768,799.1,802.6,792.35,5714064,4540959909.15,22-SEP-2020,137170,INE406A01037,
AUSOMENT,EQ,41.55,43,38,41.55,41.9,41.9,14338,601818.45,22-SEP-2020,82,INE218C01016,
AUTOAXLES,EQ,750.7,755.95,701.3,715.2,716.5,746.95,24219,17552913.15,22-SEP-2020,3780,INE449A01011,
AUTOIND,EQ,28.55,29,28.5,28.65,28.75,30,12736,364449.05,22-SEP-2020,204,INE718H01014,
AUTOLITIND,EQ,19,19,17.65,18.45,18.85,19.25,4425,81813.75,22-SEP-2020,111,INE448A01013,
AVADHSUGAR,EQ,184.05,184.1,172.1,179.55,179.65,183.65,36286,6460693.95,22-SEP-2020,1428,INE349W01017,
AVANTIFEED,EQ,498,498.2,475,486.75,488.3,498.55,350161,170094920.3,22-SEP-2020,13090,INE871C01038,
AVTNPL,EQ,44.35,45.25,40.9,44.05,44.5,45.7,297154,12912317,22-SEP-2020,1938,INE488D01021,
AXISBANK,EQ,424,426.65,406.3,412,412.75,423.35,27558211,11487777310.55,22-SEP-2020,270084,INE238A01034,
AXISCADES,EQ,53.1,54.5,50.8,51.35,52.25,53.1,46913,2451335.7,22-SEP-2020,816,INE555B01013,
AXISGOLD,EQ,43.65,44.55,43.65,44.1,44.15,44.7,124425,5489381.45,22-SEP-2020,637,INF846K01W80,
AXISNIFTY,EQ,128.9,128.9,114.21,115,115,115.93,5707,656896.61,22-SEP-2020,78,INF846K01W98,
AYMSYNTEX,EQ,25.15,26,23.1,25.3,25,25.5,19833,486234.5,22-SEP-2020,418,INE193B01039,
BAFNAPH,EQ,31.3,31.3,31.3,31.3,31.3,29.85,118,3693.4,22-SEP-2020,4,INE878I01022,
BAGFILMS,EQ,2.55,2.6,2.5,2.55,2.55,2.55,74108,187327.8,22-SEP-2020,53,INE116D01028,
BAJAJ-AUTO,EQ,2984.2,3009.45,2942.1,2985.85,2982,2986.7,690801,2058352366,22-SEP-2020,36403,INE917I01010,
BAJAJCON,EQ,179,179.5,168.5,174.8,174.5,180.35,561623,97604561.45,22-SEP-2020,9650,INE933K01021,
BAJAJELEC,BL,462.9,462.9,462.9,462.9,462.9,220,324000,149979600,22-SEP-2020,1,INE193E01025,
BAJAJELEC,EQ,474.75,475.95,442.05,456.7,455.6,472.95,190001,86757727,22-SEP-2020,8958,INE193E01025,
BAJAJFINSV,EQ,5712.25,5756,5545,5682.3,5670,5712.25,645230,3651218566.5,22-SEP-2020,54546,INE918I01018,
BAJAJHIND,EQ,5.2,5.25,4.7,4.95,5,5.2,3341372,16322963.6,22-SEP-2020,2835,INE306A01021,
BAJAJHLDNG,EQ,2480.05,2509.6,2392.5,2404.25,2415.75,2516.4,55015,134161906.7,22-SEP-2020,9155,INE118A01012,
BAJFINANCE,EQ,3329,3353.8,3217.05,3303,3312,3330.15,4224977,13862276308.65,22-SEP-2020,197724,INE296A01024,
BALAJITELE,EQ,72.9,74.9,66.5,73.65,74.5,72.3,281918,19816122.75,22-SEP-2020,3187,INE794B01026,
BALAMINES,EQ,842.2,843.7,741.65,805.95,811.1,835.8,238946,190108377.4,22-SEP-2020,13069,INE050E01027,
BALAXI,BE,960.65,960.65,869.25,869.25,869.25,914.95,7535,6832697.1,22-SEP-2020,627,INE618N01014,
BALKRISHNA,EQ,13.55,13.95,12.95,13.15,13.15,13.55,900,12256.1,22-SEP-2020,20,INE875R01011,
BALKRISIND,EQ,1318.45,1353.15,1282.4,1315.3,1313.75,1318.45,547767,721483148.95,22-SEP-2020,25715,INE787D01026,
BALLARPUR,BE,1.35,1.4,1.3,1.3,1.35,1.35,1208314,1589270.25,22-SEP-2020,460,INE294A01037,
BALMLAWRIE,EQ,107,107.05,101.8,102.05,102,106.6,238726,24537548.65,22-SEP-2020,3352,INE164A01016,
BALPHARMA,EQ,45,45.05,42.05,43.6,43.9,45,21394,928956.65,22-SEP-2020,416,INE083D01012,
BALRAMCHIN,EQ,149.15,154.6,141.15,152.25,152.1,149.85,1872595,274827749.9,22-SEP-2020,17311,INE119A01028,
BANARBEADS,EQ,54,54.8,52,52.1,52,54.45,11386,612200.65,22-SEP-2020,36,INE655B01011,
BANARISUG,EQ,1305,1334.4,1295,1301.1,1300.5,1300.3,2784,3623707.25,22-SEP-2020,161,INE459A01010,
BANCOINDIA,EQ,87.5,87.75,84.15,86.6,86.9,87.75,77515,6670645.15,22-SEP-2020,1573,INE213C01025,
BANDHANBNK,EQ,275,275,262.35,267.45,268.65,277.2,14047403,3766198408.15,22-SEP-2020,130671,INE545U01014,
BANG,EQ,17.9,17.95,16.55,17.85,17.95,17.65,330,5851.75,22-SEP-2020,22,INE863I01016,
BANKA,SM,39.75,39.75,39.75,39.75,39.75,41.8,3000,119250,22-SEP-2020,1,INE862Y01015,
BANKBARODA,EQ,42.65,42.95,40.85,42.3,42.25,42.85,26903199,1131812448.5,22-SEP-2020,41041,INE028A01039,
BANKBEES,EQ,218,219.89,211.22,213.11,213.65,215.07,1001417,214014339.01,22-SEP-2020,10184,INF204KB15I9,
BANKINDIA,EQ,42,42,40.1,41,41.1,42.1,3418400,139883913.5,22-SEP-2020,10664,INE084A01016,
BANSWRAS,EQ,70.8,70.8,65.15,67.55,68.6,69.75,10925,740919.4,22-SEP-2020,315,INE629D01012,
BARTRONICS,BZ,2.1,2.1,1.95,1.95,1.95,2,8872,17939.9,22-SEP-2020,19,INE855F01034,
BASF,EQ,1470,1481.9,1415,1454.35,1452.9,1460,32386,46930309.7,22-SEP-2020,3707,INE373A01013,
BASML,EQ,87.25,88.75,84.9,85.2,86,87.75,1174,100856.85,22-SEP-2020,79,INE186H01014,
BATAINDIA,EQ,1323.3,1330,1270,1313.85,1315,1323.3,705108,922008394.55,22-SEP-2020,29188,INE176A01028,
BAYERCROP,EQ,6150,6209,5850,5983.3,5998,6135.05,36148,217895608.75,22-SEP-2020,10280,INE462A01022,
BBL,EQ,751.75,754.9,706.95,709.45,709.9,743.2,11311,8118770.45,22-SEP-2020,1956,INE464A01028,
BBTC,EQ,1356,1368.8,1305,1321.35,1329.8,1352.35,80455,106560600.35,22-SEP-2020,6585,INE050A01025,
BBTCL,SM,32.5,32.5,27.2,30,30,33.95,9000,269100,22-SEP-2020,3,INE01EE01011,
BCG,EQ,6.9,7.15,6.7,6.8,6.95,7.05,3552387,23912590.75,22-SEP-2020,1889,INE425B01027,
BCP,EQ,5,5,4.6,4.6,4.6,4.8,95181,441570.7,22-SEP-2020,234,INE905P01028,
BDL,EQ,300.3,301.3,280.4,287.95,287.8,302.35,755045,217219534.4,22-SEP-2020,25098,INE171Z01018,
BEARDSELL,BE,8.2,8.6,8.1,8.1,8.1,8.6,11956,97313.8,22-SEP-2020,19,INE520H01022,
BEDMUTHA,EQ,18.15,18.9,18.05,18.05,18.05,19,5350,96972.5,22-SEP-2020,20,INE844K01012,
BEL,EQ,96.35,96.6,91,92.2,92.75,96.3,16187335,1501594188.35,22-SEP-2020,97186,INE263A01024,
BEML,EQ,625.65,631.3,600,606.2,604,625.65,378123,229671224.95,22-SEP-2020,14140,INE258A01016,
BEPL,EQ,59.1,62.95,57,62.55,62.55,59.1,733713,44685989.3,22-SEP-2020,5528,INE922A01025,
BERGEPAINT,EQ,568.9,569.9,550.5,560.65,562,569.85,765592,427607537.5,22-SEP-2020,19150,INE463A01038,
BETA,SM,94,103,92,97.5,97.5,94.8,23200,2279480,22-SEP-2020,20,INE351Y01019,
BFINVEST,EQ,286,286.8,264,273.9,276,283.45,19256,5247153,22-SEP-2020,1401,INE878K01010,
BFUTILITIE,EQ,235.15,239.8,224.45,227.15,227.5,235.15,109675,25203314.95,22-SEP-2020,3631,INE243D01012,
BGRENERGY,EQ,35.45,35.9,33.7,33.7,33.7,35.45,72290,2452156.45,22-SEP-2020,584,INE661I01014,
BHAGERIA,EQ,132.25,133.9,125.25,129.25,130.9,131,31706,4059432.55,22-SEP-2020,918,INE354C01027,
BHAGYANGR,EQ,18,18.25,17.75,18.2,18.25,18,7247,129877.1,22-SEP-2020,68,INE458B01036,
BHAGYAPROP,EQ,22.5,22.65,21.8,21.85,21.85,22.7,5979,131569.7,22-SEP-2020,25,INE363W01018,
BHANDARI,EQ,1.05,1.1,1,1,1,1.05,98668,100304.9,22-SEP-2020,336,INE474E01029,
BHARATFORG,EQ,453.5,459.95,433.1,452.65,451.4,455.05,2301486,1030742406,22-SEP-2020,41420,INE465A01025,
BHARATGEAR,EQ,47.15,50,45.05,46.85,46.6,48.3,12833,601582,22-SEP-2020,210,INE561C01019,
BHARATRAS,EQ,9335,9388,8900,9264.25,9240,9325.7,9732,88287584.85,22-SEP-2020,3278,INE838B01013,
BHARATWIRE,EQ,24.3,24.4,24.05,24.15,24.4,25.3,4373,105452.3,22-SEP-2020,113,INE316L01019,
BHARTIARTL,EQ,468.5,478.5,461,470.95,471.25,467.75,18600835,8770254400.65,22-SEP-2020,230512,INE397D01024,
BHEL,EQ,34.5,34.55,32.3,32.6,32.9,34.25,52745087,1742583440.75,22-SEP-2020,53930,INE257A01026,
BIGBLOC,BE,51.5,51.5,49.25,49.25,49.25,51,2396,121589,22-SEP-2020,13,INE412U01017,
BIL,BE,160,167.8,155,164.9,164.9,160,531,84555.4,22-SEP-2020,24,INE828A01016,
BILENERGY,EQ,0.85,0.9,0.8,0.8,0.8,0.85,403795,339571.3,22-SEP-2020,191,INE607L01029,
BINDALAGRO,EQ,12.3,12.85,12.2,12.25,12.4,12.8,21366,261955.9,22-SEP-2020,104,INE143A01010,
BIOCON,EQ,429.15,431.65,413.5,422.05,424.45,429.35,4813418,2028981551.35,22-SEP-2020,57524,INE376G01013,
BIOFILCHEM,BE,59,59.05,54.75,54.75,54.75,57.6,87285,4878876.9,22-SEP-2020,1161,INE829A01014,
BIRLACABLE,EQ,52.3,52.3,49,50.8,51,52.15,47389,2389679.85,22-SEP-2020,784,INE800A01015,
BIRLACORPN,EQ,660,675.55,649.75,660.3,660,672.15,736318,491254419.9,22-SEP-2020,12653,INE340A01012,
BIRLAMONEY,EQ,41,41.4,37.55,39.15,39.05,40.15,357076,14034820.85,22-SEP-2020,2889,INE865C01022,
BIRLATYRE,EQ,20.25,21,19.95,20.05,20.1,21,288134,5771124.4,22-SEP-2020,1617,INE0AEJ01013,
BKMINDST,EQ,1,1,0.95,0.95,0.95,1,47949,45762.55,22-SEP-2020,38,INE831Q01016,
BLBLIMITED,BE,5.95,5.95,5.55,5.75,5.75,5.8,2723,15346.65,22-SEP-2020,16,INE791A01024,
BLISSGVS,EQ,154.45,154.9,149.05,152.05,152.2,153.75,559422,84915972.05,22-SEP-2020,4107,INE416D01022,
BLKASHYAP,BE,6.55,6.75,6.5,6.55,6.55,6.8,123355,805541.65,22-SEP-2020,74,INE350H01032,
BLS,EQ,92.4,98.3,91.65,91.9,91.65,96.45,45203,4182772.65,22-SEP-2020,693,INE153T01027,
BLUECHIP,BE,0.25,0.25,0.2,0.25,0.25,0.2,58110,13788,22-SEP-2020,39,INE657B01025,
BLUEDART,EQ,2595.8,2754,2431.85,2679.2,2689.95,2595.75,49832,132108415.95,22-SEP-2020,6031,INE233B01017,
BLUESTARCO,EQ,640,657.5,602,649.65,646.5,633,131508,84510536.6,22-SEP-2020,9199,INE472A01039,
BODALCHEM,EQ,67.9,68.3,62.6,66.2,66.45,68.05,559386,36767287.3,22-SEP-2020,5072,INE338D01028,
BOHRA,SM,1.25,1.25,1.25,1.25,1.25,1.3,4000,5000,22-SEP-2020,2,INE802W01015,
BOMDYEING,EQ,64.75,65.2,61.15,62.9,62.9,64.7,1318864,82392095.6,22-SEP-2020,9274,INE032A01023,
BOROLTD,BE,154,154,145.5,148.5,147,149.15,38522,5702895.2,22-SEP-2020,259,INE02PY01013,
BORORENEW,EQ,72.05,73.5,69.1,70.6,70.9,72.7,126201,8857549.45,22-SEP-2020,1820,INE666D01022,
BOSCHLTD,EQ,12840.5,12895,12121.25,12395.6,12389.65,12925.6,106829,1323697318.55,22-SEP-2020,23661,INE323A01026,
BPCL,EQ,403.05,403.8,382.2,392.15,392.9,401.45,7956590,3112035997.05,22-SEP-2020,93661,INE029A01011,
BPL,EQ,18,18,17.2,17.5,17.75,18.1,32421,563753.45,22-SEP-2020,237,INE110A01019,
BRFL,BE,10.3,10.3,10.3,10.3,10.3,10.8,18925,194927.5,22-SEP-2020,49,INE589G01011,
BRIGADE,EQ,167,168.3,158,163.05,163,169.2,79019,12901507.5,22-SEP-2020,2308,INE791I01019,
BRIGHT,SM,7.1,7.1,7.1,7.1,7.1,7.45,9000,63900,22-SEP-2020,3,INE684Z01010,
BRITANNIA,EQ,3660,3678,3540.05,3588,3590,3629.3,670648,2407896037.25,22-SEP-2020,45992,INE216A01030,
BRITANNIA,N2,31.61,31.9,31.56,31.62,31.62,31.6,5461,172879.9,22-SEP-2020,51,INE216A07052,
BRNL,EQ,32,32,29.3,30.35,30.55,31.1,13136,399163.3,22-SEP-2020,338,INE727S01012,
BROOKS,EQ,51.95,53.85,48.75,53.85,53.85,51.3,131778,6740614.8,22-SEP-2020,908,INE650L01011,
BSE,EQ,536,549.6,510.05,542.25,546.05,536.7,543123,289268161.4,22-SEP-2020,17392,INE118H01025,
BSELINFRA,EQ,1.05,1.05,1,1,1.05,1,40932,41354.2,22-SEP-2020,36,INE395A01016,
BSHSL,SM,95,95,94,94,94,90.5,3200,302400,22-SEP-2020,2,INE032Z01012,
BSL,EQ,23.75,24.45,23,23.6,24,23.7,2764,64681.7,22-SEP-2020,47,INE594B01012,
BSLGOLDETF,EQ,4679.95,4720,4611,4638.8,4638.05,4719.9,269,1254506.7,22-SEP-2020,106,INF209K01HT2,
BSLNIFTY,EQ,122.6,123.51,121.59,122.62,122.9,123.8,186888,22800804.93,22-SEP-2020,59,INF209K01IR4,
BSOFT,EQ,190.9,201.8,172,193.85,194.35,190.15,4547388,855119426.6,22-SEP-2020,54087,INE836A01035,
BURNPUR,EQ,1.55,1.55,1.5,1.5,1.5,1.55,7230,10873.3,22-SEP-2020,30,INE817H01014,
BUTTERFLY,BE,260,260,250.9,251,251.2,264.1,35361,8883319.75,22-SEP-2020,434,INE295F01017,
BVCL,BE,14.5,15.4,14.25,14.25,15.4,15,4076,58204.7,22-SEP-2020,30,INE139I01011,
BYKE,EQ,13.65,14.2,12,13.05,13.35,13.65,55716,720529.2,22-SEP-2020,294,INE319B01014,
CADILAHC,EQ,397.9,398.5,381.25,393.1,392.9,396.1,4930269,1926093697,22-SEP-2020,57364,INE010B01027,
CALSOFT,BE,8.05,8.1,8.05,8.05,8.05,8.45,2568,20695.8,22-SEP-2020,14,INE526B01014,
CAMLINFINE,EQ,95.8,98.25,88.95,94.35,95.4,93.6,1247997,119905285.6,22-SEP-2020,6793,INE052I01032,
CANBK,EQ,95.35,95.35,88,89.5,89.95,95.65,16215961,1470023154.8,22-SEP-2020,76532,INE476A01014,
CANDC,BZ,2.4,2.4,2.3,2.3,2.3,2.4,989,2294.15,22-SEP-2020,5,INE874H01015,
CANFINHOME,EQ,420.95,425.65,390.25,413.05,411.5,418.55,543234,224724556.85,22-SEP-2020,18840,INE477A01020,
CANTABIL,EQ,332,343,314.65,320.35,320.3,320.05,180064,58702254.45,22-SEP-2020,8581,INE068L01016,
CAPACITE,EQ,122.35,124.65,114,117.15,120,124.7,79251,9427551.25,22-SEP-2020,2122,INE264T01014,
CAPLIPOINT,EQ,570,573.85,525.05,548.6,555,566.8,472637,257017806.45,22-SEP-2020,22564,INE475E01026,
CAPTRUST,EQ,61.4,62.85,58,58.2,58.45,61.45,4783,283346.7,22-SEP-2020,176,INE707C01018,
CARBORUNIV,EQ,264.7,264.7,250,257.25,257.7,264.7,159656,40729460.05,22-SEP-2020,4989,INE120A01034,
CAREERP,EQ,172.85,174.3,164.95,168.75,168.9,171.7,81183,13628224.85,22-SEP-2020,1972,INE521J01018,
CARERATING,EQ,375,375,363,369,368.05,376.05,59046,21732799,22-SEP-2020,3790,INE752H01013,
CASTEXTECH,BE,0.4,0.4,0.35,0.4,0.4,0.4,13230,4782,22-SEP-2020,13,INE068D01021,
CASTROLIND,EQ,116,116,111,111.9,112.75,115.1,2069566,233643921,22-SEP-2020,15491,INE172A01027,
CCHHL,EQ,2.9,3,2.85,2.95,2.95,3,36167,105630.9,22-SEP-2020,75,INE652F01027,
CCL,EQ,262,267.45,242,258.4,254,264.25,386915,98489735.1,22-SEP-2020,8345,INE421D01022,
CDSL,EQ,444,449.85,420.3,438.05,439,441.05,1609801,701375482.1,22-SEP-2020,41168,INE736A01011,
CEATLTD,EQ,915.1,928,892,900.2,895.05,913.15,137281,124211625.75,22-SEP-2020,5588,INE482A01020,
CEBBCO,EQ,15.15,16.1,15.1,15.95,15.95,15.7,37753,596889.1,22-SEP-2020,160,INE209L01016,
CELEBRITY,EQ,4.8,4.95,4.6,4.75,4.75,4.8,11970,56756.75,22-SEP-2020,55,INE185H01016,
CENTENKA,EQ,170.05,171.9,165.15,167.25,167.4,170.75,27206,4557407.85,22-SEP-2020,958,INE485A01015,
CENTEXT,EQ,3.1,3.4,3.1,3.4,3.4,3.25,123393,393563.1,22-SEP-2020,250,INE281A01026,
CENTRALBK,EQ,15,17.45,14.65,17.25,17.3,15,6630834,110906205.2,22-SEP-2020,11654,INE483A01010,
CENTRUM,EQ,15.45,16.3,14.6,15.55,15.7,15.15,217605,3385132.9,22-SEP-2020,895,INE660C01027,
CENTUM,EQ,304.05,316.55,295.7,311.3,310,308.55,9337,2866406.7,22-SEP-2020,654,INE320B01020,
CENTURYPLY,EQ,174.3,174.8,160.6,167.9,168.6,169.85,329409,54614849.15,22-SEP-2020,12962,INE348B01021,
CENTURYTEX,EQ,345.5,348,332.05,338.9,340.5,342.95,942885,319827272.1,22-SEP-2020,17882,INE055A01016,
CERA,EQ,2350,2375.15,2275.05,2289.3,2282.8,2368.2,4704,10884156.15,22-SEP-2020,1300,INE739E01017,
CEREBRAINT,EQ,29.95,29.95,28.65,29.05,29,29.55,116424,3389552.85,22-SEP-2020,385,INE345B01019,
CESC,EQ,652.15,658,610.6,645.9,645,647.3,585558,375639242.8,22-SEP-2020,23325,INE486A01013,
CESCVENT,EQ,236.5,243.95,228.05,233.6,234.4,240.5,53961,12596860.8,22-SEP-2020,2101,INE425Y01011,
CGCL,EQ,228.75,234.85,225,228.25,229,227.6,75237,17263860.6,22-SEP-2020,2497,INE180C01026,
CGPOWER,EQ,23.45,23.95,22.9,22.9,22.9,24.1,2773105,63974323.7,22-SEP-2020,2516,INE067A01029,
CHALET,EQ,146.75,148.4,135,143,143.05,149.2,175847,24957433.35,22-SEP-2020,4547,INE427F01016,
CHAMBLFERT,EQ,150.95,152.9,145,147.75,149,152.5,1450709,214131418.95,22-SEP-2020,8900,INE085A01013,
CHEMBOND,EQ,155,155,145.25,151.85,154,152.15,8826,1331101.9,22-SEP-2020,372,INE995D01025,
CHEMFAB,EQ,136.05,136.05,132,133.15,133,137.15,4710,628143.05,22-SEP-2020,140,INE783X01023,
CHENNPETRO,EQ,72.45,72.95,67.6,70.6,70.6,72.45,434568,30452151.15,22-SEP-2020,4292,INE178A01016,
CHOLAFIN,EQ,231.25,234.75,220.75,231.05,232.55,231.25,4621739,1059734049.65,22-SEP-2020,52648,INE121A01024,
CHOLAHLDNG,EQ,407.95,407.95,371.05,376.1,380,406.75,28399,11008235.55,22-SEP-2020,1757,INE149A01033,
CHROMATIC,BE,0.75,0.75,0.7,0.7,0.7,0.75,9172,6718.75,22-SEP-2020,30,INE662C01015,
CIGNITITEC,EQ,398,405,375.35,391.35,395,384.55,195051,76175261.35,22-SEP-2020,5979,INE675C01017,
CIMMCO,EQ,19.8,19.8,18.75,18.8,18.75,19.7,17397,329784.5,22-SEP-2020,210,INE184C01028,
CINELINE,EQ,27,27,25.75,26,26,27.35,24669,645852.5,22-SEP-2020,289,INE704H01022,
CINEVISTA,BE,6.45,6.45,5.85,6,6.15,6.15,2060,12593,22-SEP-2020,13,INE039B01026,
CIPLA,EQ,777.05,787.95,755.15,777.65,778,768.1,14483986,11240039129.05,22-SEP-2020,197252,INE059A01026,
CKPLEISURE,SM,3,3,3,3,3,3.15,8000,24000,22-SEP-2020,2,INE418Y01016,
CLEDUCATE,EQ,71.15,72.8,65.5,70.05,72,71.05,34663,2369967.65,22-SEP-2020,571,INE201M01011,
CLNINDIA,EQ,346,346.2,328.1,333.75,334.55,345.45,59262,19814352.9,22-SEP-2020,3255,INE492A01029,
CMICABLES,EQ,37.95,37.95,34.95,35.55,35.9,36.75,29079,1034654.45,22-SEP-2020,226,INE981B01011,
CMMIPL,SM,3.2,3.2,3.05,3.05,3.05,3.2,9000,28050,22-SEP-2020,3,INE289S01013,
CNOVAPETRO,EQ,5.65,5.7,5.65,5.7,5.7,5.9,2,11.35,22-SEP-2020,2,INE672K01025,
COALINDIA,EQ,122,122,118.85,119.55,120.05,121.65,10043181,1203995409.25,22-SEP-2020,59546,INE522F01014,
COCHINSHIP,EQ,331,331,306,310.7,310.5,329.05,286332,89687149.55,22-SEP-2020,7536,INE704P01017,
COFORGE,EQ,2105,2200,2057.4,2161.3,2169,2102.75,507668,1086655180.45,22-SEP-2020,28455,INE591G01017,
COLPAL,EQ,1365,1365,1322.15,1341.65,1340,1367.4,544716,730087883.55,22-SEP-2020,20971,INE259A01022,
COMPINFO,EQ,15.35,15.35,13.65,14.15,14.3,14.6,169234,2456341.5,22-SEP-2020,647,INE070C01037,
COMPUSOFT,EQ,7.55,7.7,7.35,7.5,7.55,7.7,59808,444669.45,22-SEP-2020,212,INE453B01029,
CONCOR,EQ,379,380,363.65,370.7,373.3,378.55,1147393,426434301.45,22-SEP-2020,24604,INE111A01025,
CONFIPET,EQ,20.65,21.35,19.65,20.95,21,20.7,321827,6584294,22-SEP-2020,1035,INE552D01024,
CONSOFINVT,EQ,30.2,31.9,30.2,30.75,30.75,31.15,1033,32220.85,22-SEP-2020,28,INE025A01027,
CONTI,SM,13.9,13.9,13.9,13.9,13.9,14.6,93324,1297203.6,22-SEP-2020,27,INE340Z01019,
CONTROLPR,EQ,223,228.25,214.05,223.65,221,222.35,11899,2617354.1,22-SEP-2020,599,INE663B01015,
CORALFINAC,EQ,21.45,21.45,19.75,20,20,20.75,7248,145277.75,22-SEP-2020,30,INE558D01021,
CORDSCABLE,EQ,38.7,39.95,38,39.65,39.95,39.1,14275,552992.45,22-SEP-2020,161,INE792I01017,
COROMANDEL,EQ,794,810,732.15,800.55,801.5,800,483101,377788753,22-SEP-2020,30171,INE169A01031,
COSMOFILMS,EQ,403,405.05,380.4,392.65,393,400.15,93662,36784618.8,22-SEP-2020,3500,INE757A01017,
COUNCODOS,EQ,1.25,1.25,1.15,1.2,1.2,1.2,1058,1285.25,22-SEP-2020,16,INE695B01025,
COX&KINGS,BZ,1.35,1.4,1.3,1.3,1.3,1.35,306998,399655.7,22-SEP-2020,178,INE008I01026,
CPSEETF,EQ,17,17.05,16.52,16.68,16.75,17,959323,16044026.58,22-SEP-2020,2033,INF457M01133,
CREATIVE,EQ,117.65,117.65,109.9,110.75,109.9,113.4,19384,2192743.95,22-SEP-2020,83,INE985W01018,
CREATIVEYE,BE,3.75,3.75,3.75,3.75,3.75,3.6,4407,16526.25,22-SEP-2020,9,INE230B01021,
CREDITACC,EQ,702,702,666.65,686.45,693.15,694.95,59042,40526485.6,22-SEP-2020,9686,INE741K01010,
CREST,EQ,85,85,77.8,79.6,80.5,86.5,13742,1102030.65,22-SEP-2020,380,INE559D01011,
CRISIL,EQ,1742,1790,1720,1781.2,1790,1740.15,24398,43036982.9,22-SEP-2020,3248,INE007A01025,
CROMPTON,EQ,267.2,276,252.65,265.9,269.5,269.25,730911,193317642.55,22-SEP-2020,14719,INE299U01018,
CSBBANK,EQ,221,224.6,203.9,222.15,221,220.6,168106,36582934.15,22-SEP-2020,3869,INE679A01013,
CTE,EQ,25.85,25.9,25,25.3,25.8,24.9,14985,383113.15,22-SEP-2020,217,INE627H01017,
CUB,EQ,138,138,132,135.15,135.8,139.15,1466557,198604037.7,22-SEP-2020,17880,INE491A01021,
CUBEXTUB,EQ,10.75,11.5,10.75,11,11.5,11.5,1423,15759.65,22-SEP-2020,26,INE144D01012,
CUMMINSIND,EQ,471.15,471.55,445.2,455.55,455,467.65,926175,420556217.25,22-SEP-2020,18417,INE298A01020,
CUPID,EQ,219,219,201.3,215.25,217,219.1,60022,12671857.75,22-SEP-2020,2725,INE509F01011,
CYBERTECH,EQ,61.1,61.1,53.95,58.6,58.4,60.2,128504,7377548.95,22-SEP-2020,1994,INE214A01019,
CYIENT,EQ,408,413.55,381,395.2,396,406.55,528997,209049768.5,22-SEP-2020,17022,INE136B01020,
DAAWAT,EQ,51.25,51.7,48.05,50.25,50.5,52.1,1039489,51555408.5,22-SEP-2020,6432,INE818H01020,
DABUR,EQ,492.2,494.6,480,492.1,494,490.7,1843708,900650750.3,22-SEP-2020,28925,INE016A01026,
DALBHARAT,EQ,760,779.15,730,762.55,763.4,756.4,88229,66362740.6,22-SEP-2020,4987,INE00R701025,
DALMIASUG,EQ,128.5,129.05,124,125.7,125.6,128.9,109909,13820903.4,22-SEP-2020,2051,INE495A01022,
DAMODARIND,EQ,24.5,25,23,24.7,24,24.05,6033,147113.4,22-SEP-2020,61,INE497D01022,
DANGEE,SM,94.25,94.25,94.25,94.25,94.25,94.5,1600,150800,22-SEP-2020,2,INE688Y01014,
DATAMATICS,EQ,80,80,77.4,77.4,77.4,81.45,150692,11724417.3,22-SEP-2020,1744,INE365B01017,
DBCORP,EQ,77,78.3,75.5,77.7,77.8,77,229079,17718736.3,22-SEP-2020,2750,INE950I01011,
DBL,EQ,352.05,353.15,334.85,348.75,352,354.7,102175,35140271.1,22-SEP-2020,3638,INE917M01012,
DBREALTY,EQ,6.8,6.9,6.4,6.7,6.75,6.6,209734,1399128.1,22-SEP-2020,609,INE879I01012,
DBSTOCKBRO,EQ,9.3,9.75,8.85,9.45,9.6,9.3,343,3142.6,22-SEP-2020,17,INE921B01025,
DCAL,EQ,155.65,159.5,147.9,155.55,154.75,155.65,369210,56431926.15,22-SEP-2020,6237,INE385W01011,
DCBBANK,EQ,84.8,85,80,83.4,83.75,85.65,2204701,181427925.45,22-SEP-2020,14324,INE503A01015,
DCM,EQ,19.7,19.95,19,19.3,19.2,19.65,10568,204519,22-SEP-2020,85,INE498A01018,
DCMFINSERV,BE,1.1,1.1,1.1,1.1,1.1,1.1,100,110,22-SEP-2020,1,INE891B01012,
DCMNVL,EQ,24,24.45,23,23.55,23,24.45,4820,114389.45,22-SEP-2020,93,INE08KP01019,
DCMSHRIRAM,EQ,370.45,375.7,355,361,369.85,372.45,61886,22433486.3,22-SEP-2020,3355,INE499A01024,
DCW,EQ,14.25,14.6,13.7,14.3,14.25,14.65,499511,7048682,22-SEP-2020,890,INE500A01029,
DECCANCE,EQ,274,282,261.1,270.7,274.9,272.3,38252,10392473.05,22-SEP-2020,1530,INE583C01021,
DEEPAKFERT,EQ,155.1,156.2,143.25,149.35,150.5,155.75,967780,144454825.45,22-SEP-2020,16685,INE501A01019,
DEEPAKNTR,EQ,822,854.9,777,848.15,854,812.8,2903928,2415494734,22-SEP-2020,84368,INE288B01029,
DEEPIND,EQ,68.05,70.95,66.15,66.85,67.45,69.65,27385,1841669.2,22-SEP-2020,672,INE677H01012,
DELTACORP,EQ,108.55,109.55,100,103.3,103.8,109,1803354,186585047.5,22-SEP-2020,22640,INE124G01033,
DELTAMAGNT,EQ,18.25,19.45,18.25,19,19,19,1126,20867.85,22-SEP-2020,17,INE393A01011,
DEN,EQ,70,71.25,68,68.9,69.7,71.55,78665,5409913.3,22-SEP-2020,1329,INE947J01015,
DENORA,EQ,215,215,207.55,210.65,212,213.2,2261,476909.05,22-SEP-2020,117,INE244A01016,
DEVIT,SM,111.25,111.25,111.25,111.25,111.25,111.25,1500,166875,22-SEP-2020,1,INE060X01018,
DFMFOODS,EQ,354,367,333.55,354.35,354.4,351.1,155418,53892152.1,22-SEP-2020,4914,INE456C01020,
DGCONTENT,EQ,12.5,12.75,12.15,12.15,12.15,12.75,57487,698905.5,22-SEP-2020,62,INE03JI01017,
DHAMPURSUG,EQ,140.05,140.7,131.5,134.2,134.35,141.15,1135424,152681823.2,22-SEP-2020,11706,INE041A01016,
DHANBANK,EQ,13.05,13.05,12.2,12.4,12.4,13.05,702970,8774313.1,22-SEP-2020,1790,INE680A01011,
DHANILOANS,N1,951.1,995,951.1,995,995,991.02,60,58383,22-SEP-2020,2,INE614X07027,
DHANILOANS,N2,1053,1100,1053,1099.75,1100,1092.17,410,443694.7,22-SEP-2020,25,INE614X07035,
DHANILOANS,N3,920.1,949,920,947,947,962,530,488503.2,22-SEP-2020,17,INE614X07043,
DHANILOANS,N6,955.01,955.01,955,955,955,975,31,29605.3,22-SEP-2020,5,INE614X07076,
DHANUKA,EQ,788.65,795.55,745,779.9,780.5,787.9,119952,92732051,22-SEP-2020,8246,INE435G01025,
DHARSUGAR,EQ,4.6,4.65,4.4,4.6,4.65,4.5,4323,19734.45,22-SEP-2020,15,INE988C01014,
DHFL,EQ,12.95,13.1,12.4,12.6,12.65,13,813267,10287461.1,22-SEP-2020,2124,INE202B01012,
DHFL,N6,290,290,282.8,282.8,282.8,277.14,13,3762.8,22-SEP-2020,2,INE202B07HP2,
DHFL,NC,298,298,298,298,298,287.99,600,178800,22-SEP-2020,1,INE202B07HV0,
DHFL,NN,300,300,300,300,300,300,1,300,22-SEP-2020,1,INE202B07IM7,
DHFL,NP,298,314.8,290,304.99,305,307.51,1788,540856.05,22-SEP-2020,16,INE202B07IO3,
DHFL,NQ,297,322,297,321,321,307.89,936,280510,22-SEP-2020,5,INE202B07IY2,
DHFL,NR,278,278,278,278,278,250,4,1112,22-SEP-2020,1,INE202B07IZ9,
DHFL,NS,300,300.2,300,300.18,300,284.25,228,68412,22-SEP-2020,6,INE202B07JA0,
DHFL,NX,265.8,265.8,265.8,265.8,265.8,276.81,10,2658,22-SEP-2020,1,INE202B07JE2,
DHFL,Y1,314,314,289.99,314,314,314.9,179,52389.41,22-SEP-2020,8,INE202B07JH5,
DHUNINV,EQ,216.05,218.9,189.7,212.85,210.2,218.1,4400,915681.6,22-SEP-2020,304,INE320L01011,
DIAMONDYD,EQ,590,599,570.1,590,589,600.75,4907,2873254.3,22-SEP-2020,602,INE393P01035,
DIAPOWER,BZ,0.85,0.85,0.75,0.75,0.75,0.8,4852,3805.1,22-SEP-2020,12,INE989C01012,
DICIND,EQ,362.05,381,354.55,370,366.05,360.2,6299,2316191.6,22-SEP-2020,492,INE303A01010,
DIGISPICE,EQ,8.25,8.55,7.75,8.05,8.05,8.15,7611,60140.7,22-SEP-2020,75,INE927C01020,
DIGJAMLTD,BZ,2.6,2.65,2.6,2.6,2.6,2.7,5532,14393.2,22-SEP-2020,13,INE731U01010,
DISHTV,EQ,13.65,14,13.3,13.3,13.3,14,2691980,36062816.25,22-SEP-2020,3753,INE836F01026,
DIVISLAB,EQ,3160,3273.8,3042.55,3236.6,3253.75,3158.8,1855842,5892552324.05,22-SEP-2020,85546,INE361B01024,
DIXON,EQ,8820,9280,8126,8552.6,8620,8900.9,139686,1207368042.75,22-SEP-2020,39343,INE935N01012,
DLF,EQ,151.9,152.85,146.5,148.95,148.65,151.9,12105412,1802401499.2,22-SEP-2020,83989,INE271C01023,
DLINKINDIA,EQ,102.6,104,96,100.4,101.15,101.95,145014,14406762.75,22-SEP-2020,3151,INE250K01012,
DMART,EQ,2099,2104.85,1995.1,2049.3,2067,2097.45,723124,1474410301.7,22-SEP-2020,54085,INE192R01011,
DNAMEDIA,EQ,0.55,0.55,0.5,0.5,0.5,0.5,20371,10189.6,22-SEP-2020,24,INE016M01021,
DOLAT,EQ,51.05,51.05,46.8,48.7,48.6,49.7,61573,3016824.4,22-SEP-2020,832,INE966A01022,
DOLLAR,EQ,138.25,138.25,132.25,132.9,132.55,139.6,73995,9926662.1,22-SEP-2020,2148,INE325C01035,
DONEAR,EQ,26.3,26.75,25.55,26,25.9,26.2,20028,518816.65,22-SEP-2020,258,INE668D01028,
DPABHUSHAN,SM,93,93,88,88,88,92,28000,2561000,22-SEP-2020,7,INE266Y01019,
DPSCLTD,EQ,13.2,13.3,11.85,13.25,13.3,12.95,37571,487848.85,22-SEP-2020,201,INE360C01024,
DPWIRES,EQ,57.6,59,57,57,57,58.2,13645,779390,22-SEP-2020,19,INE864X01013,
DQE,EQ,1.45,1.45,1.4,1.4,1.4,1.45,11184,15741.45,22-SEP-2020,20,INE656K01010,
DREDGECORP,EQ,261.75,263,248.35,255.8,255,261.75,67591,17212593.45,22-SEP-2020,3243,INE506A01018,
DRREDDY,EQ,5214,5260,5055,5167.95,5198.7,5142,7703358,39730017599.4,22-SEP-2020,359851,INE089A01023,
DSML,SM,11,12,11,11.9,11.9,11.55,18000,209400,22-SEP-2020,3,INE411Y01011,
DSSL,EQ,28.65,29.5,26.1,29,28.4,29.05,28017,787244.95,22-SEP-2020,306,INE417B01040,
DTIL,EQ,250.2,260,234,242.55,242.65,250.45,10528,2546145,22-SEP-2020,253,INE341R01014,
DUCON,EQ,3.8,3.9,3.65,3.65,3.75,3.8,36190,132585.6,22-SEP-2020,95,INE741L01018,
DVL,BE,55,55,52.3,53.1,53,55.05,5133,270521.4,22-SEP-2020,50,INE477B01010,
DWARKESH,EQ,28.1,28.8,27.05,28.3,28.45,28.55,623361,17393426.35,22-SEP-2020,2481,INE366A01041,
DYNAMATECH,EQ,700,704.25,665,671.25,671,699.95,11958,8058477.05,22-SEP-2020,1489,INE221B01012,
DYNPRO,EQ,244.6,266.85,229,258.15,258,242.45,860115,216191942.2,22-SEP-2020,23950,INE256H01015,
E2E,SM,27.5,27.55,27.1,27.55,27.55,26.25,20000,549900,22-SEP-2020,9,INE255Z01019,
EASTSILK,EQ,1.15,1.2,1.15,1.15,1.2,1.2,5749,6774.1,22-SEP-2020,11,INE962C01027,
EASUNREYRL,BZ,2.75,2.75,2.75,2.75,2.75,2.75,330,907.5,22-SEP-2020,6,INE268C01029,
EBBETF0423,EQ,1082.1,1084,1082,1083.33,1082.58,1083.01,4959,5371309.33,22-SEP-2020,100,INF754K01KN4,
EBBETF0425,EQ,992.5,993.99,992,992.7,993.99,994.16,1248,1238611.52,22-SEP-2020,56,INF754K01LD3,
EBBETF0430,EQ,1100.01,1102.91,1099,1100.13,1099.8,1100.31,2957,3251893.59,22-SEP-2020,65,INF754K01KO2,
EBBETF0431,EQ,992.4,994.95,991.05,993.18,993.29,993.31,10102,10031109.56,22-SEP-2020,92,INF754K01LE1,
EBIXFOREX,EQ,465,470,452.25,455.05,458.95,450.65,3621,1671496.65,22-SEP-2020,275,INE726L01019,
EC2RG,MF,4.55,4.55,4.55,4.55,4.55,4.35,26000,118300,22-SEP-2020,1,INF903JA1CP7,
ECLERX,EQ,736,739.9,690,716.9,717.15,735.2,61933,44369026.8,22-SEP-2020,7052,INE738I01010,
ECLFINANCE,NE,1199.95,1200,1155,1173.59,1195,1180,380,447256.5,22-SEP-2020,12,INE804I073Y9,
ECLFINANCE,NF,971,984,971,983.99,984,980.01,31,30308.9,22-SEP-2020,4,INE804I074Y7,
ECLFINANCE,NG,924.98,924.98,901.15,901.15,901.15,911.99,195,179702.6,22-SEP-2020,5,INE804I075Y4,
ECLFINANCE,NH,1070,1070,990,1070,1070,1088,111,111600,22-SEP-2020,5,INE804I076Y2,
ECLFINANCE,NI,870,881,870,881,881,900,401,350881,22-SEP-2020,6,INE804I077Y0,
ECLFINANCE,NJ,861,861,861,861,861,865.58,80,68880,22-SEP-2020,1,INE804I078Y8,
ECLFINANCE,NK,810,811,810,811,811,810,108,87518,22-SEP-2020,4,INE804I079Y6,
ECLFINANCE,NM,1007,1008.2,1007,1008,1008,1003.62,120,120953,22-SEP-2020,5,INE804I075Z1,
ECLFINANCE,NN,1090.01,1090.01,1090,1090,1090,1119.99,100,109000.5,22-SEP-2020,2,INE804I076Z9,
ECLFINANCE,NO,941,941,941,941,941,941,15,14115,22-SEP-2020,2,INE804I077Z7,
ECLFINANCE,NQ,1140,1140,1140,1140,1140,1080,21,23940,22-SEP-2020,1,INE804I079Z3,
ECLFINANCE,NR,953,955,940,940,940,950,273,260369.7,22-SEP-2020,6,INE804IA7014,
ECLFINANCE,NS,966,966.2,966,966,966,965,905,874242,22-SEP-2020,17,INE804IA7022,
EDELWEISS,EQ,64.5,65.4,61,61,61,64.2,1443759,88551145.05,22-SEP-2020,4628,INE532F01054,
EDUCOMP,BZ,2.9,3.1,2.9,2.95,3.1,3.05,45405,137309.4,22-SEP-2020,53,INE216H01027,
EHFLNCD,N3,995,995,995,995,995,991.09,1,995,22-SEP-2020,1,INE530L07194,
EHFLNCD,N5,900,900,900,900,900,900.01,29,26100,22-SEP-2020,3,INE530L07210,
EHFLNCD,N6,800,801,800,800.02,800,801.23,2550,2040050,22-SEP-2020,27,INE530L07228,
EICHERMOT,EQ,2104,2122.15,2033.65,2064.35,2071.8,2102.95,1519039,3134210464.55,22-SEP-2020,88723,INE066A01021,
EIDPARRY,EQ,287.2,294.8,272.4,287.9,287.5,286.3,491924,140654919.8,22-SEP-2020,14833,INE126A01031,
EIFFL,SM,92,92,91,91.25,91.5,92,2400,219600,22-SEP-2020,3,INE546V01010,
EIHAHOTELS,EQ,232.2,233.95,225.3,228.05,230,232.45,5679,1303360.6,22-SEP-2020,432,INE276C01014,
EIHOTEL,EQ,81.5,81.85,76,78.3,78.55,83.65,1619066,126916949.4,22-SEP-2020,11217,INE230A01023,
EIMCOELECO,EQ,334,334,319.95,331.15,334,333.2,916,297962.35,22-SEP-2020,144,INE158B01016,
EKC,BE,28.7,28.7,27.1,27.35,27.8,28.45,55865,1529555.35,22-SEP-2020,170,INE184H01027,
ELECON,EQ,26.7,26.9,24.65,25.35,25.4,26.2,213216,5395056.05,22-SEP-2020,1564,INE205B01023,
ELECTCAST,EQ,17.25,17.25,15.8,16.95,17,17.2,1286444,21421879.55,22-SEP-2020,1990,INE086A01029,
ELECTHERM,EQ,105.25,105.25,101.9,103.2,104,105.25,13732,1417868.4,22-SEP-2020,400,INE822G01016,
ELGIEQUIP,EQ,256.4,258,235.55,246.15,245,251.8,201260,49892618.25,22-SEP-2020,5001,INE285A01027,
ELGIRUBCO,EQ,17.8,18.3,17.2,17.95,17.95,18.1,20487,364002.7,22-SEP-2020,175,INE819L01012,
EMAMILTD,EQ,364.05,368.8,346.7,364.55,363.4,362.8,222253,79605725.2,22-SEP-2020,12461,INE548C01032,
EMAMIPAP,EQ,68.35,69,65.55,67,67,68.4,2712,182680.8,22-SEP-2020,118,INE830C01026,
EMAMIREAL,BE,45.5,46.9,43.85,46.15,46.15,46.15,11136,498004.05,22-SEP-2020,90,INE778K01012,
EMBASSY,RR,368.9,368.9,360.2,362.81,362.79,365.58,426200,155263496,22-SEP-2020,471,INE041025011,
EMCO,BZ,1.35,1.45,1.35,1.45,1.45,1.4,5880,8208,22-SEP-2020,19,INE078A01026,
EMKAY,EQ,53.25,54.9,50.65,53.35,53.75,53.2,10322,546200.8,22-SEP-2020,154,INE296H01011,
EMMBI,EQ,77.65,79.95,75,75.55,75.5,77.65,7144,546348.15,22-SEP-2020,272,INE753K01015,
EMOFSR1RDP,MF,9.72,9.72,9.62,9.71,9.71,9.81,11900,115158,22-SEP-2020,4,INF754K01IS7,
EMOFSR1RGG,MF,9.71,9.71,9.66,9.67,9.67,9.85,38350,370738.5,22-SEP-2020,7,INF754K01IR9,
ENDURANCE,EQ,1084,1119.7,1025,1079.85,1107.5,1086.75,107622,113936420.15,22-SEP-2020,7168,INE913H01037,
ENERGYDEV,EQ,5.7,5.8,5.6,5.7,5.65,5.85,8280,47064.4,22-SEP-2020,49,INE306C01019,
ENGINERSIN,EQ,66.1,66.9,63.85,64.45,64.75,67.05,1950017,126362655.45,22-SEP-2020,16157,INE510A01028,
ENIL,EQ,158.25,158.25,150.8,152.05,151.85,156.4,11455,1749628.75,22-SEP-2020,248,INE265F01028,
EQ30,EQ,350.49,350.49,330.04,350,350,331.15,296,102010.55,22-SEP-2020,21,INF754K01EM9,
EQUITAS,EQ,51.6,52.2,49.25,49.85,49.95,52.2,4290424,215470502.25,22-SEP-2020,19368,INE988K01017,
ERFLNCDI,N2,1010.01,1010.01,1010,1010,1010,1014.47,910,919100.5,22-SEP-2020,13,INE528S07086,
ERFLNCDI,N3,934.99,934.99,934.99,934.99,934.99,900,45,42074.55,22-SEP-2020,1,INE528S07094,
ERFLNCDI,N5,822.87,822.87,822.87,822.87,822.87,822.99,1,822.87,22-SEP-2020,1,INE528S07110,
ERFLNCDI,N6,785,785,785,785,785,802,45,35325,22-SEP-2020,3,INE528S07128,
ERIS,EQ,518.7,538,506.05,524.95,524.8,514.75,138496,72711773.5,22-SEP-2020,7017,INE406M01024,
EROSMEDIA,BE,21,21,19.95,20.5,20.7,21,131084,2656518.1,22-SEP-2020,703,INE416L01017,
ESABINDIA,EQ,1366,1391.35,1323,1342.55,1351,1368.6,3633,4874048.55,22-SEP-2020,626,INE284A01012,
ESCORTS,EQ,1215,1227.25,1170,1198.8,1203,1213.35,2106701,2517239989.9,22-SEP-2020,90063,INE042A01014,
ESSARSHPNG,BE,9.1,9.1,8.35,8.4,8.4,8.75,17845,152353.65,22-SEP-2020,91,INE122M01019,
ESSELPACK,EQ,243.95,253.9,226.45,251.65,253.4,242,1068502,259438575,22-SEP-2020,27204,INE255A01020,
ESTER,EQ,74.65,76,71.3,72.75,72.85,74.6,176820,12844660,22-SEP-2020,1631,INE778B01029,
EUROCERA,BZ,2.6,2.6,2.6,2.6,2.6,2.5,18449,47967.4,22-SEP-2020,9,INE649H01011,
EUROMULTI,BE,2.6,2.6,2.6,2.6,2.6,2.5,40776,106017.6,22-SEP-2020,62,INE063J01011,
EUROTEXIND,EQ,8.1,8.15,8.1,8.1,8.1,8.45,694,5655.15,22-SEP-2020,4,INE022C01012,
EVEREADY,EQ,143.95,144.05,135,137.8,137.2,142.8,377459,52160449.05,22-SEP-2020,1911,INE128A01029,
EVERESTIND,EQ,206.1,207.45,195.3,200.9,202,206.65,49286,9918173.75,22-SEP-2020,2209,INE295A01018,
EXCEL,EQ,1.2,1.2,1.1,1.1,1.1,1.15,300,345,22-SEP-2020,4,INE688J01015,
EXCELINDUS,EQ,908,918,855.8,894.75,897.5,908.7,29585,26341050.4,22-SEP-2020,3929,INE369A01029,
EXIDEIND,EQ,158.55,161.2,153.8,156.75,155.8,159.85,4811979,760114572.5,22-SEP-2020,41990,INE302A01020,
EXPLEOSOL,EQ,508.35,508.35,482.95,492.8,500,508.35,30231,14696591.9,22-SEP-2020,901,INE201K01015,
FACT,EQ,46,46,41.95,42.9,43,44.6,49225,2114119.45,22-SEP-2020,847,INE188A01015,
FAIRCHEM,EQ,562,563.75,526,544.4,542.1,561.05,26354,14328403.25,22-SEP-2020,2373,INE959A01019,
FCL,EQ,31.5,31.8,29.65,31.05,31,31.5,159119,4868911.9,22-SEP-2020,894,INE045J01026,
FCONSUMER,EQ,8.9,9,8.7,8.7,8.7,9.15,12603702,110306851.4,22-SEP-2020,15166,INE220J01025,
FCSSOFT,EQ,0.45,0.45,0.4,0.45,0.45,0.4,2180548,934193.5,22-SEP-2020,392,INE512B01022,
FDC,EQ,335,344,310,338.8,343,330.8,759322,248521602,22-SEP-2020,21669,INE258B01022,
FEDERALBNK,EQ,50,50.15,47.55,48.85,49.1,49.8,37261285,1815433695.4,22-SEP-2020,68364,INE171A01029,
FEL,EQ,13.15,13.3,12.9,12.9,12.9,13.55,2471435,32008295.6,22-SEP-2020,3466,INE623B01027,
FELDVR,EQ,15,15.1,14.45,14.45,14.45,15.2,55728,807234.3,22-SEP-2020,186,IN9623B01058,
FELIX,SM,34,35.45,34,35.45,35.45,35,8000,277800,22-SEP-2020,2,INE901X01013,
FIEMIND,EQ,590,595,523.75,564,567.1,597.6,101904,56742354.1,22-SEP-2020,8005,INE737H01014,
FILATEX,EQ,26.2,27.1,24.65,25.85,26.65,26.7,75352,1927901.25,22-SEP-2020,590,INE816B01027,
FILDF2GPD,MF,0.54,0.54,0.54,0.54,0.54,0.6,416,224.64,22-SEP-2020,1,INF090I01UJ4,
FINCABLES,EQ,283.8,286,269.55,276.1,276,286.55,107177,29563143.85,22-SEP-2020,5141,INE235A01022,
FINEORG,EQ,2685,2724,2450.05,2661.2,2710,2679.35,142428,366010788.5,22-SEP-2020,22548,INE686Y01026,
FINPIPE,EQ,516,524.5,490.05,520.05,521.8,516.65,54140,27399217.4,22-SEP-2020,3292,INE183A01016,
FLEXITUFF,BE,11.25,11.4,10.9,11.4,11.4,11.45,3990,44786.85,22-SEP-2020,10,INE060J01017,
FLFL,EQ,95.1,97.65,93.55,94.6,94.8,98.45,560958,53043115.8,22-SEP-2020,6832,INE452O01016,
FLUOROCHEM,EQ,521,524,494.1,511.85,519,521.25,356077,179141341.3,22-SEP-2020,2119,INE09N301011,
FMGOETZE,EQ,377.7,377.7,351.7,360.85,360,365.35,3107,1121315.85,22-SEP-2020,254,INE529A01010,
FMNL,EQ,21.05,21.45,20.85,20.85,20.85,21.9,27273,571143.05,22-SEP-2020,236,INE360L01017,
FORCEMOT,EQ,1098,1123.2,1056.35,1065.6,1065,1110.2,36765,39392663.6,22-SEP-2020,3935,INE451A01017,
FORTIS,EQ,131.35,133,129.45,132.05,132.3,131.35,567004,74222420.85,22-SEP-2020,4926,INE061F01013,
FOSECOIND,EQ,1267.5,1267.6,1183.85,1220.8,1232,1252,1061,1292027.25,22-SEP-2020,246,INE519A01011,
FOURTHDIM,SZ,12.95,12.95,12.95,12.95,12.95,13.6,1000,12950,22-SEP-2020,1,INE382T01014,
FRETAIL,EQ,92.35,94.5,90.55,90.95,90.75,95.3,3883783,354770021.65,22-SEP-2020,33547,INE752P01024,
FSC,EQ,110.05,115.05,108.35,110.4,110.45,114.05,252338,27763305.45,22-SEP-2020,4451,INE935Q01015,
FSL,EQ,69.8,72.9,67.2,72.05,72.15,71.65,5722191,402534028.7,22-SEP-2020,27201,INE684F01012,
GABRIEL,EQ,104.2,107.8,98.25,105.1,105.5,105.85,167007,17256992.25,22-SEP-2020,4163,INE524A01029,
GAEL,EQ,204,208,190.1,206.65,205.05,204.45,128649,25681181.7,22-SEP-2020,4297,INE036B01022,
GAIL,EQ,88.1,88.5,82.85,84.15,84.2,88.2,23856234,2021540827.6,22-SEP-2020,81949,INE129A01019,
GAL,EQ,3.75,3.75,3.45,3.45,3.45,3.6,23924,83310.2,22-SEP-2020,52,INE482J01021,
GALAXYSURF,EQ,1889.75,1889.75,1770.2,1811.8,1812,1891.15,25540,46559895.35,22-SEP-2020,4885,INE600K01018,
GALLANTT,EQ,30.25,33,29.55,32.2,32.9,31,8016,252350.55,22-SEP-2020,148,INE297H01019,
GALLISPAT,EQ,27.9,28.3,27.1,27.6,27.1,27.85,8146,222814.45,22-SEP-2020,56,INE528K01029,
GAMMNINFRA,EQ,0.65,0.7,0.6,0.65,0.7,0.65,1859077,1216782.7,22-SEP-2020,369,INE181G01025,
GANDHITUBE,EQ,210.65,214.35,202.35,210.5,211,215.35,2721,561374.05,22-SEP-2020,389,INE524B01027,
GANECOS,EQ,260.1,260.8,255,255.25,255,262,11114,2862396.3,22-SEP-2020,358,INE845D01014,
GANESHHOUC,EQ,24.6,26.5,24.3,25.95,26,25.55,18659,468560.05,22-SEP-2020,137,INE460C01014,
GANGESSECU,EQ,38.95,39.85,37.15,39.3,39.35,38.95,9220,360107.55,22-SEP-2020,63,INE335W01016,
GARDENSILK,BE,10.15,10.4,9.65,10,10.25,10.15,13798,136808.25,22-SEP-2020,68,INE526A01016,
GARFIBRES,EQ,1931.05,1935,1780,1831.4,1825.05,1928.45,34132,62647068.05,22-SEP-2020,6103,INE276A01018,
GATI,EQ,46.85,49.95,43.2,49.4,49.5,46.85,1152856,55506718.8,22-SEP-2020,5950,INE152B01027,
GAYAHWS,BE,0.4,0.4,0.35,0.4,0.4,0.4,138826,52965.9,22-SEP-2020,76,INE287Z01012,
GAYAPROJ,EQ,17.05,17.2,16.7,16.7,16.7,17.55,213488,3576361.3,22-SEP-2020,358,INE336H01023,
GDL,EQ,88.7,89.65,86.2,88,88,88.7,73488,6430770.6,22-SEP-2020,1202,INE852F01015,
GEECEE,EQ,69.35,71.7,67.2,69.2,71.5,69.6,5537,382410.65,22-SEP-2020,280,INE916G01016,
GEEKAYWIRE,BE,88,88,86.5,86.5,86.5,88,7039,616432,22-SEP-2020,22,INE669X01016,
GENESYS,BE,58.1,63,57,59.9,59.25,60,9443,566718.25,22-SEP-2020,75,INE727B01026,
GENUSPAPER,EQ,4.9,5,4.4,4.85,5,4.85,154600,730829.1,22-SEP-2020,199,INE949P01018,
GENUSPOWER,EQ,27,27,24.5,26.1,26.8,26.95,209142,5403501.8,22-SEP-2020,1409,INE955D01029,
GEOJITFSL,EQ,38,38.25,36.2,37.45,37.6,38.35,240549,8950086.3,22-SEP-2020,1786,INE007B01023,
GEPIL,EQ,445.05,457.55,410.8,446.1,447,453.8,30342,13231256.3,22-SEP-2020,2714,INE878A01011,
GESHIP,EQ,245,255.8,236.25,248.95,246.65,244.65,138237,34453596.6,22-SEP-2020,6419,INE017A01032,
GET&D,EQ,96.9,96.9,90.2,90.2,90.2,94.9,104761,9465503.45,22-SEP-2020,743,INE200A01026,
GFLLIMITED,EQ,84.15,85.05,80.9,81.05,80.9,84.15,26356,2154972,22-SEP-2020,1028,INE538A01037,
GFSTEELS,EQ,2.7,2.75,2.7,2.75,2.75,2.7,26,71.45,22-SEP-2020,4,INE534A01028,
GHCL,EQ,157.65,162.75,150.2,158.35,158,161.65,167336,26031165.85,22-SEP-2020,6591,INE539A01019,
GICHSGFIN,EQ,96.95,96.95,91.05,94.05,94.5,96.95,431739,40433027.9,22-SEP-2020,5488,INE289B01019,
GICRE,EQ,124.2,125.65,119.55,123.15,124.35,124.9,213119,25853394.5,22-SEP-2020,5569,INE481Y01014,
GILLANDERS,EQ,29,29,26.8,26.8,26.8,28.2,4985,136806.25,22-SEP-2020,36,INE047B01011,
GILLETTE,EQ,5487,5520,5265,5377.9,5378,5530.4,8468,45466964.35,22-SEP-2020,2444,INE322A01010,
GINNIFILA,EQ,11.25,12,11.2,11.35,11.9,11.7,45828,518706.4,22-SEP-2020,113,INE424C01010,
GIPCL,EQ,71.9,71.9,69,69.3,69.2,70.45,87422,6095790.55,22-SEP-2020,828,INE162A01010,
GKWLIMITED,EQ,513.3,513.3,456.9,498.85,510,512.15,266,131269.65,22-SEP-2020,31,INE528A01020,
GLAXO,EQ,1680.25,1699,1592,1606.15,1603,1694.65,134117,218280243,22-SEP-2020,10932,INE159A01016,
GLENMARK,EQ,475.25,476.45,441.7,459.3,459.95,473.45,3878375,1788932677.7,22-SEP-2020,56780,INE935A01035,
GLFL,EQ,2.4,2.5,2.4,2.5,2.5,2.4,22499,55864.5,22-SEP-2020,65,INE540A01017,
GLOBALVECT,EQ,49.85,56,49.05,51.2,51.45,49.85,35283,1835757.6,22-SEP-2020,981,INE792H01019,
GLOBE,SM,49.5,50,48.95,49.85,50,50,60000,2966300,22-SEP-2020,19,INE581X01013,
GLOBOFFS,BE,6.3,6.3,6.3,6.3,6.3,6.6,1577,9935.1,22-SEP-2020,5,INE446C01013,
GLOBUSSPR,EQ,280.25,285,262.65,273.2,275,276.45,343115,92890321.45,22-SEP-2020,9021,INE615I01010,
GMBREW,EQ,395,395,370,377.3,377,388.75,23203,8766858.5,22-SEP-2020,1647,INE075D01018,
GMDCLTD,EQ,42.65,42.95,41.25,42,42.1,43.05,511438,21457560.55,22-SEP-2020,3512,INE131A01031,
GMMPFAUDLR,EQ,4682.7,4682.7,4682.7,4682.7,4682.7,5203,21343,99942866.1,22-SEP-2020,4780,INE541A01023,
GMRINFRA,EQ,23,23,21.6,21.75,21.75,23.05,23191042,511858148.3,22-SEP-2020,15910,INE776C01039,
GNA,EQ,224.5,224.5,212,218.05,220,222.7,57005,12360485.1,22-SEP-2020,2181,INE934S01014,
GNFC,EQ,212,214.3,200.5,208.6,208.5,209.6,1588268,329868989.85,22-SEP-2020,22239,INE113A01013,
GOACARBON,EQ,205,205.95,195.2,200.8,202.85,205.15,15637,3122399.25,22-SEP-2020,1088,INE426D01013,
GOCLCORP,EQ,204,205.9,192,196.55,198,201.7,41367,8277514,22-SEP-2020,1842,INE077F01035,
GODFRYPHLP,EQ,915.8,916.45,885.45,901.35,905.75,916.45,51353,46118620.4,22-SEP-2020,4096,INE260B01028,
GODHA,SM,30,30.2,30,30.15,30.1,30,16000,481200,22-SEP-2020,4,INE925Y01010,
GODREJAGRO,EQ,499,505.9,481.25,499.2,498.25,503.15,118199,58599477.65,22-SEP-2020,5865,INE850D01014,
GODREJCP,EQ,685,689.65,666,683.2,680.9,687.3,864996,588153367.8,22-SEP-2020,29635,INE102D01028,
GODREJIND,EQ,397,410.55,380,401.1,400.6,397.8,96347,38108753.4,22-SEP-2020,5422,INE233A01035,
GODREJPROP,EQ,860,863.9,819.75,843.9,847.9,859.6,668347,560304798.2,22-SEP-2020,29779,INE484J01027,
GOENKA,BZ,0.6,0.65,0.55,0.6,0.55,0.6,56218,33546.35,22-SEP-2020,53,INE516K01024,
GOKEX,EQ,60.55,62,55.25,61.05,61.15,60.2,163877,9630255.25,22-SEP-2020,2208,INE887G01027,
GOKUL,EQ,14.9,15.3,14.3,15.2,15.1,15.3,17860,267715.25,22-SEP-2020,118,INE020J01029,
GOKULAGRO,EQ,13.9,14.55,13.4,14.4,14.55,13.9,18100,256031.25,22-SEP-2020,124,INE314T01025,
GOLDBEES,EQ,44.85,44.95,39.2,44.26,44.24,45,7158658,316794955.38,22-SEP-2020,9108,INF204KB17I5,
GOLDENTOBC,EQ,21.8,22.4,21.05,21.75,22.05,21.85,4767,104076.45,22-SEP-2020,75,INE973A01010,
GOLDIAM,EQ,124,124,114.05,123.1,123,122.05,50821,6105538.05,22-SEP-2020,1822,INE025B01017,
GOLDSHARE,EQ,4624,4624,4575.5,4599.35,4604,4653.65,1383,6367153.9,22-SEP-2020,396,INF789F01059,
GOLDTECH,BE,9.25,9.25,8.6,8.8,9,8.95,13390,118806.25,22-SEP-2020,51,INE805A01014,
GOODLUCK,EQ,38.8,39.2,36.75,38.2,38.25,39.05,54368,2049527.4,22-SEP-2020,636,INE127I01024,
GPIL,EQ,276,285,269.05,276.6,278.4,283.2,56191,15405736.1,22-SEP-2020,1264,INE177H01013,
GPPL,EQ,87.2,87.9,82.55,86,86,87.6,343028,29268914.95,22-SEP-2020,6980,INE517F01014,
GPTINFRA,EQ,26.75,27.95,26.15,26.95,26.9,27.2,15836,424714.45,22-SEP-2020,152,INE390G01014,
GRANULES,EQ,363,363.7,330.75,352.7,354.9,360.55,4657364,1617595193.65,22-SEP-2020,68578,INE101D01020,
GRAPHITE,EQ,174,176.8,165,168.35,168.6,175.65,690098,116776303.95,22-SEP-2020,17761,INE371A01025,
GRASIM,EQ,720.4,746,706.8,729.1,727.45,716.85,3313571,2407916076.8,22-SEP-2020,54246,INE047A01021,
GRAVITA,EQ,47,49.45,45.3,48.85,48.8,46.5,162816,7822937,22-SEP-2020,1045,INE024L01027,
GREAVESCOT,EQ,74.2,74.85,71.1,73.2,73.25,74.9,384122,27976366.4,22-SEP-2020,4844,INE224A01026,
GREENLAM,EQ,725,734,676.15,722.35,725,730.2,5793,4156464.55,22-SEP-2020,383,INE544R01013,
GREENPANEL,EQ,45,47.6,44.05,46.05,46,46.35,74003,3338296.9,22-SEP-2020,382,INE08ZM01014,
GREENPLY,EQ,87.3,88.1,82.1,86.4,87.5,87.3,224558,19108731.25,22-SEP-2020,2432,INE461C01038,
GREENPOWER,EQ,1.8,1.85,1.8,1.8,1.8,1.85,650430,1172005.65,22-SEP-2020,690,INE999K01014,
GRINDWELL,EQ,530,547,502.6,542.2,543.9,531.95,20902,10993129.9,22-SEP-2020,1758,INE536A01023,
GROBTEA,BE,515.25,515.25,505,510,510,515.25,133,68295.25,22-SEP-2020,14,INE646C01018,
GRPLTD,EQ,713.05,716,700,700.35,701.5,705.4,1659,1165053.4,22-SEP-2020,36,INE137I01015,
GRSE,EQ,175.5,175.5,166.05,170.75,172.3,174.55,160690,27488168,22-SEP-2020,5892,INE382Z01011,
GSCLCEMENT,EQ,27,27.55,26.2,26.7,26.7,27.45,38711,1031469,22-SEP-2020,466,INE542A01039,
GSFC,EQ,58.65,59,55.1,57.25,57.6,58.15,631775,35710624.9,22-SEP-2020,5426,INE026A01025,
GSPL,EQ,204,204.15,193.6,199.45,199.95,204.05,657249,130635132.45,22-SEP-2020,10589,INE246F01010,
GSS,EQ,31.8,31.85,29,29.85,30.1,31.8,102412,3050848.15,22-SEP-2020,724,INE871H01011,
GTL,EQ,2.55,2.55,2.55,2.55,2.55,2.45,69856,178132.8,22-SEP-2020,52,INE043A01012,
GTLINFRA,EQ,0.65,0.7,0.6,0.65,0.65,0.65,5393059,3441905.8,22-SEP-2020,1023,INE221H01019,
GTNIND,EQ,7.35,7.75,7.35,7.6,7.6,7.6,408,3087.45,22-SEP-2020,20,INE537A01013,
GTNTEX,EQ,5,5,5,5,5,5,723,3615,22-SEP-2020,2,INE302H01017,
GTPL,EQ,89,98,85,90.85,88.6,89.4,111080,9906594.95,22-SEP-2020,2564,INE869I01013,
GUFICBIO,EQ,79.55,81.95,76.2,81.1,81.5,79.25,199648,15860880.35,22-SEP-2020,2667,INE742B01025,
GUJALKALI,EQ,339.65,339.65,322.75,332.4,332,337.5,76113,25235296.5,22-SEP-2020,4003,INE186A01019,
GUJAPOLLO,EQ,237,237,212.85,218.3,216.1,233.25,20060,4410640.2,22-SEP-2020,1890,INE826C01016,
GUJGASLTD,EQ,304.35,313.85,294.3,306.5,309.75,308.65,709047,213931370.9,22-SEP-2020,25553,INE844O01030,
GULFOILLUB,EQ,645.5,645.5,625.85,633.4,630,651.2,7280,4621814.3,22-SEP-2020,1060,INE635Q01029,
GULFPETRO,EQ,39.55,39.9,38.1,38.4,38.25,39.8,23531,914891.55,22-SEP-2020,273,INE586G01017,
GULPOLY,EQ,57.15,57.15,55.15,55.2,55.15,58.05,37836,2103986.1,22-SEP-2020,421,INE255D01024,
GVKPIL,EQ,3.25,3.25,3.2,3.2,3.2,3.35,2484782,7991381.2,22-SEP-2020,1107,INE251H01024,
HAL,EQ,790.3,798,755.25,775.3,775,799.2,1146405,883335749.3,22-SEP-2020,55779,INE066F01012,
HAPPSTMNDS,EQ,350,358.6,335,353.95,354.15,349.4,4965436,1732895432.55,22-SEP-2020,86638,INE419U01012,
HARITASEAT,EQ,404.95,419.95,395.05,402.6,399.05,414.9,4044,1632144.15,22-SEP-2020,417,INE939D01015,
HARRMALAYA,EQ,91.65,92.2,87.2,87.8,87.8,91.4,54395,4835438.05,22-SEP-2020,1162,INE544A01019,
HATHWAY,BE,30,31,29.65,30.5,30.5,31.2,269730,8075056.1,22-SEP-2020,1806,INE982F01036,
HATSUN,EQ,807,812.6,762.35,773.4,776.65,813.85,32634,25353086.95,22-SEP-2020,3608,INE473B01035,
HAVELLS,EQ,673.95,673.95,645,665.25,666.3,669.05,1188130,780928543.05,22-SEP-2020,37240,INE176B01034,
HAVISHA,BE,0.65,0.7,0.65,0.7,0.7,0.7,14815,10110.05,22-SEP-2020,22,INE293B01029,
HBANKETF,EQ,214.14,214.79,210.84,212.12,212.99,214.65,11351,2413332.3,22-SEP-2020,217,INF179KC1AN8,
HBLPOWER,EQ,15.8,16,15.15,15.45,15.55,15.5,209643,3247178.3,22-SEP-2020,683,INE292B01021,
HCC,EQ,5.3,5.35,4.9,5.15,5.15,5.25,3361190,17054715.65,22-SEP-2020,2829,INE549A01026,
HCG,EQ,118.5,122.2,111.25,120.35,120,122.3,154496,17895902.15,22-SEP-2020,987,INE075I01017,
HCL-INSYS,EQ,8.2,8.2,7.85,7.9,7.9,8.1,162376,1290378,22-SEP-2020,752,INE236A01020,
HCLTECH,EQ,813.95,831.5,790.55,821,825.8,802.6,21882919,17843764685.35,22-SEP-2020,399486,INE860A01027,
HDFC,EQ,1716.25,1716.25,1672,1674.85,1676.4,1708.15,3615745,6098064204.15,22-SEP-2020,178315,INE001A01036,
HDFC,W3,301.1,305,297.1,300,300,310,97200,29492790,22-SEP-2020,134,INE001A13049,
HDFCAMC,EQ,2160,2163,2122,2152.85,2160,2164.55,513395,1100409375,22-SEP-2020,47550,INE127D01025,
HDFCBANK,EQ,1054.05,1058.15,1029.5,1035.4,1038,1049.3,9310339,9705907839.55,22-SEP-2020,218683,INE040A01034,
HDFCLIFE,EQ,576,587.5,566.3,579.4,578.65,579.35,2359389,1363648058.5,22-SEP-2020,65061,INE795G01014,
HDFCMFGETF,EQ,4551,4568,4522.4,4531.85,4530.15,4604.55,14310,65008298.1,22-SEP-2020,1375,INF179K01CN1,
HDFCNIFETF,EQ,1186,1190.32,1169,1177.03,1179,1186.98,2009,2366131.11,22-SEP-2020,156,INF179KB1KP3,
HDFCSENETF,EQ,4090,4090,3960.05,4008.16,4000,4084,232,929786.5,22-SEP-2020,64,INF179KB1KQ1,
HDIL,BZ,4.3,4.3,4.3,4.3,4.3,4.5,48138,206993.4,22-SEP-2020,119,INE191I01012,
HEG,EQ,738,741.7,698.85,711,708.8,732.45,336058,239858503.55,22-SEP-2020,18298,INE545A01016,
HEIDELBERG,EQ,183.15,185,177.2,178.8,179,185.85,321519,57856088.95,22-SEP-2020,7412,INE578A01017,
HERCULES,EQ,94.1,95.2,90.3,91.6,91.7,96.15,86779,8035742.95,22-SEP-2020,2409,INE688E01024,
HERITGFOOD,EQ,339,354,302.4,345.75,352.75,335.95,118530,38744980.95,22-SEP-2020,6908,INE978A01027,
HEROMOTOCO,EQ,3040,3052,2960,3000.15,2995,3055.35,1099376,3293019225.95,22-SEP-2020,66786,INE158A01026,
HESTERBIO,EQ,1692,1765,1620.35,1709.2,1710.5,1693.1,20201,34274026.2,22-SEP-2020,2680,INE782E01017,
HEXATRADEX,BE,28.9,31.5,28.85,28.85,28.85,30.35,8138,237114.05,22-SEP-2020,33,INE750M01017,
HEXAWARE,EQ,456.5,464.95,452,460.85,460.9,457.25,634428,292179564.95,22-SEP-2020,13418,INE093A01033,
HFCL,EQ,14.4,15.25,13.7,14.9,15.2,14.1,6313694,91828527.4,22-SEP-2020,6017,INE548A01028,
HGINFRA,EQ,196,196,183.3,188.9,189.9,195.85,36471,6860022.25,22-SEP-2020,2125,INE926X01010,
HGS,EQ,721,729.5,685.15,693.7,685.15,723.95,21957,15387071.05,22-SEP-2020,2071,INE170I01016,
HHOF1140RG,MF,7.01,7.01,7.01,7.01,7.01,7.25,1823,12779.23,22-SEP-2020,1,INF179KB1W87,
HIKAL,EQ,171.8,180.9,152.65,177.15,180.05,170.6,2463619,413787457.1,22-SEP-2020,28790,INE475B01022,
HIL,EQ,1652,1674.45,1536.1,1565.3,1568,1666.75,38128,60550397.35,22-SEP-2020,4569,INE557A01011,
HILTON,EQ,9.55,9.75,9.25,9.7,9.75,9.55,4852,46045.3,22-SEP-2020,38,INE788H01017,
HIMATSEIDE,EQ,84,84.25,79.3,82.1,82,85,375635,30596455.7,22-SEP-2020,4483,INE049A01027,
HINDALCO,EQ,168,168.95,160.8,163.45,164.15,167.15,18465737,3032338894.75,22-SEP-2020,102809,INE038A01020,
HINDCOMPOS,EQ,185.3,189.95,176,179.9,178,188.55,6743,1228264.65,22-SEP-2020,500,INE310C01029,
HINDCOPPER,EQ,35,35.05,33.1,33.95,34.1,34.9,830158,28120469.65,22-SEP-2020,3750,INE531E01026,
HINDMOTORS,EQ,5.55,5.55,5.3,5.4,5.4,5.55,128346,689128.4,22-SEP-2020,277,INE253A01025,
HINDNATGLS,EQ,27.75,28.45,27,27.1,27.1,27.8,4588,125556.45,22-SEP-2020,77,INE952A01022,
HINDOILEXP,EQ,69.5,70.7,65,69.35,69.2,69.65,324820,22198804.75,22-SEP-2020,2451,INE345A01011,
HINDPETRO,EQ,190,190.85,178.65,180.4,180.8,189.2,10780080,1961072725.85,22-SEP-2020,104900,INE094A01015,
HINDUNILVR,EQ,2040.55,2054.75,2000.05,2026.8,2026.75,2037.8,2345712,4731483007.7,22-SEP-2020,148164,INE030A01027,
HINDZINC,EQ,205.8,211,200.1,208.2,208,206,871865,179733859.15,22-SEP-2020,16337,INE267A01025,
HIRECT,EQ,123.5,125.5,117.85,119.85,120.5,124.05,28896,3469690.95,22-SEP-2020,439,INE835D01023,
HISARMETAL,EQ,82.3,85.05,75.55,77.85,77,82.75,9921,790617.4,22-SEP-2020,401,INE598C01011,
HITECH,EQ,113.85,114.9,108.3,113.5,113.8,113.8,3481,388411.9,22-SEP-2020,85,INE106T01017,
HITECHCORP,BE,87.1,95.8,87,93.9,93.9,91.5,915,81217.55,22-SEP-2020,16,INE120D01012,
HITECHGEAR,EQ,124.65,134.7,122,128.5,128.1,128.6,5198,648968.5,22-SEP-2020,130,INE127B01011,
HLVLTD,EQ,4.9,4.9,4.75,4.85,4.9,4.9,49138,237350.85,22-SEP-2020,155,INE102A01024,
HMT,BZ,17.2,17.2,15.85,16.45,16.45,16.65,1010,16454.75,22-SEP-2020,11,INE262A01018,
HMVL,EQ,48.5,49.6,45.95,48.3,48.95,49.6,14507,697057.55,22-SEP-2020,287,INE871K01015,
HNDFDS,EQ,898.9,898.9,858.15,878.45,878,902.4,12997,11378478.25,22-SEP-2020,1542,INE254N01018,
HNGSNGBEES,EQ,329.79,335.88,327,328.95,328.95,328.17,81,26971.17,22-SEP-2020,29,INF204KB19I1,
HONAUT,EQ,31457,32600,31000,32363.25,32505,31226.7,4898,156286885.45,22-SEP-2020,2588,INE671A01010,
HONDAPOWER,EQ,1045.85,1045.85,1010,1016.75,1020,1046.6,2042,2095067,22-SEP-2020,327,INE634A01018,
HOTELRUGBY,EQ,1.55,1.65,1.55,1.55,1.55,1.6,1680,2735.5,22-SEP-2020,5,INE275F01019,
HOVS,EQ,39.45,39.9,38.2,39.25,39.8,39.6,5774,225441.25,22-SEP-2020,86,INE596H01014,
HPL,EQ,34.75,34.75,31.1,32.9,33,33.4,24676,802720.1,22-SEP-2020,317,INE495S01016,
HSCL,EQ,51.25,51.75,48.25,50.1,50.3,51.25,1401960,69755437.95,22-SEP-2020,7133,INE019C01026,
HSIL,EQ,76.8,79.9,72.75,77.85,78.15,70.75,4329013,330281908.45,22-SEP-2020,29226,INE415A01038,
HTMEDIA,BE,14.85,14.85,13.65,14,14,14.2,16050,225338.4,22-SEP-2020,35,INE501G01024,
HUBTOWN,EQ,10.9,10.9,10.1,10.4,10.5,10.6,17293,180320.7,22-SEP-2020,135,INE703H01016,
HUDCO,EQ,31.65,31.9,29.85,31,31,31.6,995406,30610601.25,22-SEP-2020,4935,INE031A01017,
HUDCO,N2,1240,1240.8,1240,1240.8,1240.8,1240,300,372080,22-SEP-2020,2,INE031A07840,
HUDCO,N3,1094,1094,1092.5,1093.15,1092.5,1093.19,439,479994,22-SEP-2020,10,INE031A07832,
HUDCO,N4,1111.5,1111.5,1099.1,1099.1,1099.1,1099.96,309,343341.9,22-SEP-2020,2,INE031A07857,
HUDCO,N8,1261.5,1265.99,1260,1265.99,1265.99,1266,1091,1376592.9,22-SEP-2020,21,INE031A07AO5,
HUDCO,N9,1281.05,1285,1280,1285,1285,1285,972,1245710,22-SEP-2020,26,INE031A07AT4,
HUDCO,ND,1332,1369.9,1332,1367.99,1367.99,1360,510,679754.8,22-SEP-2020,5,INE031A07949,
HUDCO,NE,1466.1,1510,1389,1468,1468,1468.51,2111,3070806.15,22-SEP-2020,30,INE031A07AB2,
IBMFNIFTY,EQ,122.9,129.38,116.26,118.1,118.1,122.39,1418,169421.66,22-SEP-2020,48,INF666M01FS5,
IBREALEST,EQ,54.4,55.5,50.25,51.5,51.55,54.4,3053719,158666441.45,22-SEP-2020,18374,INE069I01010,
IBUCCREDIT,N4,1095,1095,1080.1,1091.73,1086.25,1099.97,334,365625.78,22-SEP-2020,14,INE244L07085,
IBUCCREDIT,N7,842,842,842,842,842,860,100,84200,22-SEP-2020,2,INE244L07127,
IBUCCREDIT,NB,855,887.6,855,887.6,887.6,850,35,30668,22-SEP-2020,6,INE244L07168,
IBULHSGFIN,EQ,156.5,165.7,146.9,154.4,155.8,155.2,52426028,8247319863.25,22-SEP-2020,333331